'', 'time', 'frame', 'subF', '1stSym', 'symbol#', 'cellId', 'rnti', 'ccId', 'tbSize', 'mcs', 'rv', 'SINR(dB)', 'corrupt', 'TBler'
'DL', '0.00310832', '3', '1', '1', '1', '1', '1', '0', '48', '0', '0', '-0.402682', '0', '0'
'DL', '0.00400832', '4', '0', '1', '1', '1', '1', '0', '120', '4', '0', '-0.933249', '0', '7.84972e-09'
'DL', '0.0231083', '23', '1', '1', '1', '1', '1', '0', '48', '0', '0', '-0.592082', '0', '0'
'DL', '0.0233915', '23', '3', '1', '21', '1', '1', '0', '1079', '0', '0', '-0.473087', '0', '0'
'DL', '0.0240083', '24', '0', '1', '1', '1', '1', '0', '120', '4', '0', '-0.10865', '0', '3.87397e-09'
'DL', '0.0243416', '24', '3', '1', '9', '1', '1', '0', '1099', '4', '0', '0.0189793', '0', '0'
'DL', '0.0253291', '25', '3', '1', '6', '1', '1', '0', '1157', '6', '0', '0.303381', '0', '0'
'DL', '0.0263291', '26', '3', '1', '6', '1', '1', '0', '1157', '6', '0', '0.357003', '0', '0'
'DL', '0.0273291', '27', '3', '1', '6', '1', '1', '0', '1157', '6', '0', '0.178793', '0', '0'
'DL', '0.0283291', '28', '3', '1', '6', '1', '1', '0', '1157', '6', '0', '-0.212224', '0', '5.85671e-05'
'DL', '0.0293291', '29', '3', '1', '6', '1', '1', '0', '1157', '6', '0', '-0.767247', '1', '0.999983'
'DL', '0.0303416', '30', '3', '1', '9', '1', '1', '0', '1099', '4', '0', '-1.38821', '0', '0'
'DL', '0.0313416', '31', '3', '1', '9', '1', '1', '0', '1099', '4', '0', '-1.91327', '0', '3.56329e-09'
'DL', '0.0323416', '32', '3', '1', '9', '1', '1', '0', '1099', '4', '0', '-2.15169', '0', '4.91713e-11'
'DL', '0.0333416', '33', '3', '1', '9', '1', '1', '0', '1099', '4', '0', '-1.99846', '0', '0'
'DL', '0.0343416', '34', '3', '1', '9', '1', '1', '0', '1099', '4', '0', '-1.52461', '0', '0'
'DL', '0.0353416', '35', '3', '1', '9', '1', '1', '0', '1099', '4', '0', '-0.91412', '0', '0'
'DL', '0.0363416', '36', '3', '1', '9', '1', '1', '0', '1099', '4', '0', '-0.340464', '0', '0'
'DL', '0.0373416', '37', '3', '1', '9', '1', '1', '0', '1099', '4', '0', '0.0855467', '0', '0'
'DL', '0.0383291', '38', '3', '1', '6', '1', '1', '0', '1157', '6', '0', '0.307088', '0', '0.263283'
'DL', '0.0393416', '39', '3', '1', '9', '1', '1', '0', '1099', '4', '0', '0.301035', '0', '0'
'DL', '0.0403291', '40', '3', '1', '6', '1', '1', '0', '1157', '6', '0', '0.0662755', '0', '2.42132e-05'
'DL', '0.0413291', '41', '3', '1', '6', '1', '1', '0', '1157', '6', '0', '-0.376265', '0', '0.000297559'
'DL', '0.0423291', '42', '3', '1', '6', '1', '1', '0', '1157', '6', '0', '-0.971453', '1', '0.954383'
'DL', '0.0433416', '43', '3', '1', '9', '1', '1', '0', '1099', '4', '0', '-1.6079', '0', '0'
'DL', '0.0443416', '44', '3', '1', '9', '1', '1', '0', '1099', '4', '0', '-2.10609', '0', '0.00352887'
'DL', '0.0453416', '45', '3', '1', '9', '1', '1', '0', '1099', '4', '0', '-2.2702', '0', '0.00345416'
'DL', '0.0463416', '46', '3', '1', '9', '1', '1', '0', '1099', '4', '0', '-2.02118', '0', '5.89262e-12'
'DL', '0.0473416', '47', '3', '1', '9', '1', '1', '0', '1099', '4', '0', '-1.4687', '0', '0'
'DL', '0.0483416', '48', '3', '1', '9', '1', '1', '0', '1099', '4', '0', '-0.813926', '0', '0'
'DL', '0.0493416', '49', '3', '1', '9', '1', '1', '0', '1099', '4', '0', '-0.225358', '0', '0'
'DL', '0.0503291', '50', '3', '1', '6', '1', '1', '0', '1157', '6', '0', '0.197164', '0', '3.4124e-11'
'DL', '0.0513291', '51', '3', '1', '6', '1', '1', '0', '1157', '6', '0', '0.405565', '0', '0'
'DL', '0.0523291', '52', '3', '1', '6', '1', '1', '0', '1157', '6', '0', '0.382351', '0', '3.28909e-10'
'DL', '0.0533291', '53', '3', '1', '6', '1', '1', '0', '1157', '6', '0', '0.130121', '0', '0.0192874'
'DL', '0.0543291', '54', '3', '1', '6', '1', '1', '0', '1157', '6', '0', '-0.327148', '1', '0.987202'
'DL', '0.0553416', '55', '3', '1', '9', '1', '1', '0', '1099', '4', '0', '-0.931215', '0', '0'
'DL', '0.0563416', '56', '3', '1', '9', '1', '1', '0', '1099', '4', '0', '-1.56801', '0', '0'
'DL', '0.0573416', '57', '3', '1', '9', '1', '1', '0', '1099', '4', '0', '-2.05871', '0', '1.74635e-06'
'DL', '0.0583416', '58', '3', '1', '9', '1', '1', '0', '1099', '4', '0', '-2.21551', '0', '0.0718024'
'DL', '0.0593416', '59', '3', '1', '9', '1', '1', '0', '1099', '4', '0', '-1.97121', '0', '1.15978e-05'
'DL', '0.0603416', '60', '3', '1', '9', '1', '1', '0', '1099', '4', '0', '-1.44001', '0', '0'
'DL', '0.0613416', '61', '3', '1', '9', '1', '1', '0', '1099', '4', '0', '-0.818657', '0', '0'
'DL', '0.0623416', '62', '3', '1', '9', '1', '1', '0', '1099', '4', '0', '-0.269714', '0', '0'
'DL', '0.0633291', '63', '3', '1', '6', '1', '1', '0', '1157', '6', '0', '0.110557', '0', '3.37706e-08'
'DL', '0.0643291', '64', '3', '1', '6', '1', '1', '0', '1157', '6', '0', '0.275755', '0', '4.18332e-12'
'DL', '0.0653291', '65', '3', '1', '6', '1', '1', '0', '1157', '6', '0', '0.209682', '0', '4.44089e-16'
'DL', '0.0663291', '66', '3', '1', '6', '1', '1', '0', '1157', '6', '0', '-0.0825184', '0', '1.49116e-11'
'DL', '0.0673291', '67', '3', '1', '6', '1', '1', '0', '1157', '6', '0', '-0.570909', '0', '0.045133'
'DL', '0.0683291', '68', '3', '1', '6', '1', '1', '0', '1157', '6', '0', '-1.18496', '1', '1'
'DL', '0.0693416', '69', '3', '1', '9', '1', '1', '0', '1099', '4', '0', '-1.79096', '0', '0'
'DL', '0.0703416', '70', '3', '1', '9', '1', '1', '0', '1099', '4', '0', '-2.19323', '0', '3.67743e-08'
'DL', '0.0713416', '71', '3', '1', '9', '1', '1', '0', '1099', '4', '0', '-2.21633', '0', '0.016324'
'DL', '0.0723416', '72', '3', '1', '9', '1', '1', '0', '1099', '4', '0', '-1.84117', '0', '0.009602'
'DL', '0.0733416', '73', '3', '1', '9', '1', '1', '0', '1099', '4', '0', '-1.2226', '0', '5.32907e-15'
'DL', '0.0743416', '74', '3', '1', '9', '1', '1', '0', '1099', '4', '0', '-0.561412', '0', '0'
'DL', '0.0753416', '75', '3', '1', '9', '1', '1', '0', '1099', '4', '0', '-0.00437361', '0', '0'
'DL', '0.0763291', '76', '3', '1', '6', '1', '1', '0', '1157', '6', '0', '0.367991', '0', '0'
'DL', '0.0773291', '77', '3', '1', '6', '1', '1', '0', '1157', '6', '0', '0.519496', '0', '0'
'DL', '0.0783291', '78', '3', '1', '6', '1', '1', '0', '1157', '6', '0', '0.439877', '0', '0'
'DL', '0.0793291', '79', '3', '1', '6', '1', '1', '0', '1157', '6', '0', '0.137799', '0', '2.22045e-14'
'DL', '0.0803291', '80', '3', '1', '6', '1', '1', '0', '1157', '6', '0', '-0.354891', '0', '1.9038e-07'
'DL', '0.0813291', '81', '3', '1', '6', '1', '1', '0', '1157', '6', '0', '-0.967999', '0', '0.134356'
'DL', '0.0823416', '82', '3', '1', '9', '1', '1', '0', '1099', '4', '0', '-1.5729', '0', '0'
'DL', '0.0833416', '83', '3', '1', '9', '1', '1', '0', '1099', '4', '0', '-1.98603', '0', '0'
'DL', '0.0843416', '84', '3', '1', '9', '1', '1', '0', '1099', '4', '0', '-2.04497', '0', '5.69544e-13'
'DL', '0.0853416', '85', '3', '1', '9', '1', '1', '0', '1099', '4', '0', '-1.73054', '0', '2.0147e-11'
'DL', '0.0863416', '86', '3', '1', '9', '1', '1', '0', '1099', '4', '0', '-1.18428', '0', '1.04361e-14'
'DL', '0.0873416', '87', '3', '1', '9', '1', '1', '0', '1099', '4', '0', '-0.595201', '0', '0'
'DL', '0.0883416', '88', '3', '1', '9', '1', '1', '0', '1099', '4', '0', '-0.106308', '0', '0'
'DL', '0.0893416', '89', '3', '1', '9', '1', '1', '0', '1099', '4', '0', '0.200815', '0', '0'
'DL', '0.0903291', '90', '3', '1', '6', '1', '1', '0', '1157', '6', '0', '0.287729', '0', '6.39133e-12'
'DL', '0.0913291', '91', '3', '1', '6', '1', '1', '0', '1157', '6', '0', '0.142528', '0', '2.81486e-12'
'DL', '0.0923291', '92', '3', '1', '6', '1', '1', '0', '1157', '6', '0', '-0.225523', '0', '1.05744e-06'
'DL', '0.0933291', '93', '3', '1', '6', '1', '1', '0', '1157', '6', '0', '-0.778906', '1', '0.440747'
'DL', '0.0943416', '94', '3', '1', '9', '1', '1', '0', '1099', '4', '0', '-1.43213', '0', '0'
'DL', '0.0953416', '95', '3', '1', '9', '1', '1', '0', '1099', '4', '0', '-2.0286', '0', '0'
'DL', '0.0963416', '96', '3', '1', '9', '1', '1', '0', '1099', '4', '0', '-2.35699', '0', '1.09512e-12'
'DL', '0.0973416', '97', '3', '1', '9', '1', '1', '0', '1099', '4', '0', '-2.26406', '0', '3.38218e-12'
'DL', '0.0983416', '98', '3', '1', '9', '1', '1', '0', '1099', '4', '0', '-1.78645', '0', '0'
'DL', '0.0993416', '99', '3', '1', '9', '1', '1', '0', '1099', '4', '0', '-1.11565', '0', '0'
'DL', '0.100342', '100', '3', '1', '9', '1', '1', '0', '1099', '4', '0', '-0.070256', '0', '0'
'DL', '0.101329', '101', '3', '1', '6', '1', '1', '0', '1157', '6', '0', '-0.0854949', '1', '0.868782'
'DL', '0.102342', '102', '3', '1', '9', '1', '1', '0', '1099', '4', '0', '-0.328652', '0', '0'
'DL', '0.103342', '103', '3', '1', '9', '1', '1', '0', '1099', '4', '0', '-0.776385', '0', '0'
'DL', '0.104342', '104', '3', '1', '9', '1', '1', '0', '1099', '4', '0', '-1.37095', '0', '1.06127e-09'
'DL', '0.105342', '105', '3', '1', '9', '1', '1', '0', '1099', '4', '0', '-1.99874', '0', '0.000151561'
'DL', '0.106342', '106', '3', '1', '9', '1', '1', '0', '1099', '4', '0', '-2.48132', '0', '0.0148241'
'DL', '0.107342', '107', '3', '1', '9', '1', '1', '0', '1099', '4', '0', '-2.63071', '0', '0.00345908'
'DL', '0.108342', '108', '3', '1', '9', '1', '1', '0', '1099', '4', '0', '-2.3786', '0', '1.34584e-08'
'DL', '0.109342', '109', '3', '1', '9', '1', '1', '0', '1099', '4', '0', '-1.83804', '0', '0'
'DL', '0.110342', '110', '3', '1', '9', '1', '1', '0', '1099', '4', '0', '-1.20539', '0', '0'
'DL', '0.111342', '111', '3', '1', '9', '1', '1', '0', '1099', '4', '0', '-0.64327', '0', '0'
'DL', '0.112342', '112', '3', '1', '9', '1', '1', '0', '1099', '4', '0', '-0.248087', '0', '0'
'DL', '0.113329', '113', '3', '1', '6', '1', '1', '0', '1157', '6', '0', '-0.0663529', '0', '8.88178e-16'
'DL', '0.114329', '114', '3', '1', '6', '1', '1', '0', '1157', '6', '0', '-0.114566', '0', '1.9984e-15'
'DL', '0.115329', '115', '3', '1', '6', '1', '1', '0', '1157', '6', '0', '-0.388526', '0', '0.00268224'
'DL', '0.116329', '116', '3', '1', '6', '1', '1', '0', '1157', '6', '0', '-0.860809', '1', '1'
'DL', '0.117342', '117', '3', '1', '9', '1', '1', '0', '1099', '4', '0', '-1.46652', '0', '4.90023e-07'
'DL', '0.118342', '118', '3', '1', '9', '1', '1', '0', '1099', '4', '0', '-2.08165', '1', '0.705909'
'DL', '0.119371', '119', '3', '1', '16', '1', '1', '0', '1131', '2', '0', '-2.5201', '0', '0'
'DL', '0.120371', '120', '3', '1', '16', '1', '1', '0', '1131', '2', '0', '-2.60317', '0', '0'
'DL', '0.121371', '121', '3', '1', '16', '1', '1', '0', '1131', '2', '0', '-2.29098', '0', '0'
'DL', '0.122342', '122', '3', '1', '9', '1', '1', '0', '1099', '4', '0', '-1.71887', '0', '0'
'DL', '0.123342', '123', '3', '1', '9', '1', '1', '0', '1099', '4', '0', '-1.08384', '0', '0'
'DL', '0.124342', '124', '3', '1', '9', '1', '1', '0', '1099', '4', '0', '-0.538402', '0', '0'
'DL', '0.125342', '125', '3', '1', '9', '1', '1', '0', '1099', '4', '0', '-0.169691', '0', '0'
'DL', '0.126329', '126', '3', '1', '6', '1', '1', '0', '1157', '6', '0', '-0.018526', '0', '0.000173255'
'DL', '0.127329', '127', '3', '1', '6', '1', '1', '0', '1157', '6', '0', '-0.0980791', '0', '8.21953e-05'
'DL', '0.128329', '128', '3', '1', '6', '1', '1', '0', '1157', '6', '0', '-0.40147', '0', '1.23871e-05'
'DL', '0.129329', '129', '3', '1', '6', '1', '1', '0', '1157', '6', '0', '-0.897762', '0', '0.0873533'
'DL', '0.130329', '130', '3', '1', '6', '1', '1', '0', '1157', '6', '0', '-1.51638', '1', '1'
'DL', '0.131342', '131', '3', '1', '9', '1', '1', '0', '1099', '4', '0', '-2.12559', '0', '0.00146022'
'DL', '0.132342', '132', '3', '1', '9', '1', '1', '0', '1099', '4', '0', '-2.5351', '1', '0.994952'
'DL', '0.133371', '133', '3', '1', '16', '1', '1', '0', '1131', '2', '0', '-2.57599', '0', '0'
'DL', '0.134371', '134', '3', '1', '16', '1', '1', '0', '1131', '2', '0', '-2.23023', '0', '0'
'DL', '0.135342', '135', '3', '1', '9', '1', '1', '0', '1099', '4', '0', '-1.64727', '0', '0'
'DL', '0.136342', '136', '3', '1', '9', '1', '1', '0', '1099', '4', '0', '-1.02252', '0', '0'
'DL', '0.137342', '137', '3', '1', '9', '1', '1', '0', '1099', '4', '0', '-0.500658', '0', '0'
'DL', '0.138342', '138', '3', '1', '9', '1', '1', '0', '1099', '4', '0', '-0.162341', '0', '0'
'DL', '0.139329', '139', '3', '1', '6', '1', '1', '0', '1157', '6', '0', '-0.0444344', '0', '3.57329e-05'
'DL', '0.140329', '140', '3', '1', '6', '1', '1', '0', '1157', '6', '0', '-0.157465', '0', '0.00533052'
'DL', '0.141329', '141', '3', '1', '6', '1', '1', '0', '1157', '6', '0', '-0.491677', '1', '0.966409'
'DL', '0.142342', '142', '3', '1', '9', '1', '1', '0', '1099', '4', '0', '-1.01123', '0', '0'
'DL', '0.143342', '143', '3', '1', '9', '1', '1', '0', '1099', '4', '0', '-1.63683', '0', '0'
'DL', '0.144342', '144', '3', '1', '9', '1', '1', '0', '1099', '4', '0', '-2.22496', '0', '2.23066e-12'
'DL', '0.145342', '145', '3', '1', '9', '1', '1', '0', '1099', '4', '0', '-2.57943', '0', '0.0614168'
'DL', '0.146342', '146', '3', '1', '9', '1', '1', '0', '1099', '4', '0', '-2.54662', '1', '0.673489'
'DL', '0.147371', '147', '3', '1', '16', '1', '1', '0', '1131', '2', '0', '-2.13998', '0', '0'
'DL', '0.148342', '148', '3', '1', '9', '1', '1', '0', '1099', '4', '0', '-1.52759', '0', '0'
'DL', '0.149342', '149', '3', '1', '9', '1', '1', '0', '1099', '4', '0', '-0.901719', '0', '0'
'DL', '0.150342', '150', '3', '1', '9', '1', '1', '0', '1099', '4', '0', '-0.396182', '0', '0'
'DL', '0.151329', '151', '3', '1', '6', '1', '1', '0', '1157', '6', '0', '-0.0827637', '0', '0.00206089'
'DL', '0.152329', '152', '3', '1', '6', '1', '1', '0', '1157', '6', '0', '0.0070916', '0', '0.00470681'
'DL', '0.153329', '153', '3', '1', '6', '1', '1', '0', '1157', '6', '0', '-0.133725', '0', '0.064766'
'DL', '0.154329', '154', '3', '1', '6', '1', '1', '0', '1157', '6', '0', '-0.492368', '1', '0.784895'
'DL', '0.155342', '155', '3', '1', '9', '1', '1', '0', '1099', '4', '0', '-1.02877', '0', '0'
'DL', '0.156342', '156', '3', '1', '9', '1', '1', '0', '1099', '4', '0', '-1.65742', '0', '0'
'DL', '0.157342', '157', '3', '1', '9', '1', '1', '0', '1099', '4', '0', '-2.2283', '0', '4.89797e-10'
'DL', '0.158342', '158', '3', '1', '9', '1', '1', '0', '1099', '4', '0', '-2.54617', '0', '3.05984e-06'
'DL', '0.159342', '159', '3', '1', '9', '1', '1', '0', '1099', '4', '0', '-2.47353', '0', '0.00440631'
'DL', '0.160342', '160', '3', '1', '9', '1', '1', '0', '1099', '4', '0', '-2.04482', '0', '0.000435531'
'DL', '0.161342', '161', '3', '1', '9', '1', '1', '0', '1099', '4', '0', '-1.43505', '0', '0'
'DL', '0.162342', '162', '3', '1', '9', '1', '1', '0', '1099', '4', '0', '-0.830193', '0', '0'
'DL', '0.163342', '163', '3', '1', '9', '1', '1', '0', '1099', '4', '0', '-0.355748', '0', '0'
'DL', '0.164329', '164', '3', '1', '6', '1', '1', '0', '1157', '6', '0', '-0.0780584', '0', '4.41158e-11'
'DL', '0.165329', '165', '3', '1', '6', '1', '1', '0', '1157', '6', '0', '-0.0255781', '0', '6.97407e-10'
'DL', '0.166329', '166', '3', '1', '6', '1', '1', '0', '1157', '6', '0', '-0.20334', '0', '0.00223836'
'DL', '0.167329', '167', '3', '1', '6', '1', '1', '0', '1157', '6', '0', '-0.595741', '1', '0.993323'
'DL', '0.168342', '168', '3', '1', '9', '1', '1', '0', '1099', '4', '0', '-1.1574', '0', '0'
'DL', '0.169342', '169', '3', '1', '9', '1', '1', '0', '1099', '4', '0', '-1.79322', '0', '0'
'DL', '0.170342', '170', '3', '1', '9', '1', '1', '0', '1099', '4', '0', '-2.34106', '0', '4.14043e-09'
'DL', '0.171342', '171', '3', '1', '9', '1', '1', '0', '1099', '4', '0', '-2.60232', '0', '3.88224e-07'
'DL', '0.172342', '172', '3', '1', '9', '1', '1', '0', '1099', '4', '0', '-2.45892', '0', '1.72818e-09'
'DL', '0.173342', '173', '3', '1', '9', '1', '1', '0', '1099', '4', '0', '-1.97576', '0', '2.73236e-10'
'DL', '0.174342', '174', '3', '1', '9', '1', '1', '0', '1099', '4', '0', '-1.34164', '0', '3.19744e-14'
'DL', '0.175342', '175', '3', '1', '9', '1', '1', '0', '1099', '4', '0', '-0.737577', '0', '0'
'DL', '0.176342', '176', '3', '1', '9', '1', '1', '0', '1099', '4', '0', '-0.279047', '0', '0'
'DL', '0.177342', '177', '3', '1', '9', '1', '1', '0', '1099', '4', '0', '-0.0246849', '0', '0'
'DL', '0.178329', '178', '3', '1', '6', '1', '1', '0', '1157', '6', '0', '0.00187665', '0', '7.65787e-12'
'DL', '0.179329', '179', '3', '1', '6', '1', '1', '0', '1157', '6', '0', '-0.200964', '0', '1.18693e-08'
'DL', '0.180329', '180', '3', '1', '6', '1', '1', '0', '1157', '6', '0', '-0.61395', '0', '0.0689579'
'DL', '0.181329', '181', '3', '1', '6', '1', '1', '0', '1157', '6', '0', '-1.18645', '1', '1'
'DL', '0.182342', '182', '3', '1', '9', '1', '1', '0', '1099', '4', '0', '-1.81603', '0', '0'
'DL', '0.183342', '183', '3', '1', '9', '1', '1', '0', '1099', '4', '0', '-2.33465', '0', '4.82566e-10'
'DL', '0.184342', '184', '3', '1', '9', '1', '1', '0', '1099', '4', '0', '-2.54921', '0', '8.07269e-09'
'DL', '0.185342', '185', '3', '1', '9', '1', '1', '0', '1099', '4', '0', '-2.36304', '0', '2.15383e-14'
'DL', '0.186342', '186', '3', '1', '9', '1', '1', '0', '1099', '4', '0', '-1.86094', '0', '0'
'DL', '0.187342', '187', '3', '1', '9', '1', '1', '0', '1099', '4', '0', '-1.2338', '0', '0'
'DL', '0.188342', '188', '3', '1', '9', '1', '1', '0', '1099', '4', '0', '-0.653838', '0', '0'
'DL', '0.189342', '189', '3', '1', '9', '1', '1', '0', '1099', '4', '0', '-0.228009', '0', '0'
'DL', '0.190342', '190', '3', '1', '9', '1', '1', '0', '1099', '4', '0', '-0.00985148', '0', '0'
'DL', '0.191342', '191', '3', '1', '9', '1', '1', '0', '1099', '4', '0', '-0.020202', '0', '0'
'DL', '0.192342', '192', '3', '1', '9', '1', '1', '0', '1099', '4', '0', '-0.258471', '0', '0'
'DL', '0.193342', '193', '3', '1', '9', '1', '1', '0', '1099', '4', '0', '-0.702176', '0', '0'
'DL', '0.194342', '194', '3', '1', '9', '1', '1', '0', '1099', '4', '0', '-1.29461', '0', '0'
'DL', '0.195342', '195', '3', '1', '9', '1', '1', '0', '1099', '4', '0', '-1.9234', '0', '0'
'DL', '0.196342', '196', '3', '1', '9', '1', '1', '0', '1099', '4', '0', '-2.41057', '0', '7.53269e-08'
'DL', '0.197342', '197', '3', '1', '9', '1', '1', '0', '1099', '4', '0', '-2.5662', '0', '1.2957e-07'
'DL', '0.198342', '198', '3', '1', '9', '1', '1', '0', '1099', '4', '0', '-2.31799', '0', '6.52811e-14'
'DL', '0.199342', '199', '3', '1', '9', '1', '1', '0', '1099', '4', '0', '-1.77651', '0', '0'
'DL', '0.200342', '200', '3', '1', '9', '1', '1', '0', '1099', '4', '0', '-2.16943', '0', '1.65896e-08'
'DL', '0.201342', '201', '3', '1', '9', '1', '1', '0', '1099', '4', '0', '-2.24964', '0', '2.14011e-05'
'DL', '0.202342', '202', '3', '1', '9', '1', '1', '0', '1099', '4', '0', '-2.32953', '0', '0.034249'
'DL', '0.203342', '203', '3', '1', '9', '1', '1', '0', '1099', '4', '0', '-2.38868', '0', '0.243918'
'DL', '0.204371', '204', '3', '1', '16', '1', '1', '0', '1131', '2', '0', '-2.4108', '0', '0'
'DL', '0.205371', '205', '3', '1', '16', '1', '1', '0', '1131', '2', '0', '-2.38867', '0', '0'
'DL', '0.206371', '206', '3', '1', '16', '1', '1', '0', '1131', '2', '0', '-2.32641', '0', '0'
'DL', '0.207371', '207', '3', '1', '16', '1', '1', '0', '1131', '2', '0', '-2.23823', '0', '0'
'DL', '0.208342', '208', '3', '1', '9', '1', '1', '0', '1099', '4', '0', '-2.14428', '0', '0.000326816'
'DL', '0.209342', '209', '3', '1', '9', '1', '1', '0', '1099', '4', '0', '-2.06502', '0', '9.91383e-10'
'DL', '0.210342', '210', '3', '1', '9', '1', '1', '0', '1099', '4', '0', '-2.01663', '0', '2.75335e-13'
'DL', '0.211342', '211', '3', '1', '9', '1', '1', '0', '1099', '4', '0', '-2.00866', '0', '7.50511e-14'
'DL', '0.212342', '212', '3', '1', '9', '1', '1', '0', '1099', '4', '0', '-2.04247', '0', '6.19222e-10'
'DL', '0.213342', '213', '3', '1', '9', '1', '1', '0', '1099', '4', '0', '-2.11066', '0', '1.03533e-11'
'DL', '0.214342', '214', '3', '1', '9', '1', '1', '0', '1099', '4', '0', '-2.19845', '0', '4.71901e-10'
'DL', '0.215342', '215', '3', '1', '9', '1', '1', '0', '1099', '4', '0', '-2.2864', '0', '0.000169938'
'DL', '0.216342', '216', '3', '1', '9', '1', '1', '0', '1099', '4', '0', '-2.35403', '0', '0.000118309'
'DL', '0.217342', '217', '3', '1', '9', '1', '1', '0', '1099', '4', '0', '-2.38499', '0', '0.00161904'
'DL', '0.218342', '218', '3', '1', '9', '1', '1', '0', '1099', '4', '0', '-2.37219', '0', '0.000146528'
'DL', '0.219342', '219', '3', '1', '9', '1', '1', '0', '1099', '4', '0', '-2.31999', '0', '0.000194765'
'DL', '0.220342', '220', '3', '1', '9', '1', '1', '0', '1099', '4', '0', '-2.24261', '0', '2.19429e-06'
'DL', '0.221342', '221', '3', '1', '9', '1', '1', '0', '1099', '4', '0', '-2.1597', '0', '1.43697e-09'
'DL', '0.222342', '222', '3', '1', '9', '1', '1', '0', '1099', '4', '0', '-2.09107', '0', '2.97629e-12'
'DL', '0.223342', '223', '3', '1', '9', '1', '1', '0', '1099', '4', '0', '-2.05227', '0', '8.88178e-16'
'DL', '0.224342', '224', '3', '1', '9', '1', '1', '0', '1099', '4', '0', '-2.05169', '0', '0'
'DL', '0.225342', '225', '3', '1', '9', '1', '1', '0', '1099', '4', '0', '-2.08927', '0', '8.88178e-16'
'DL', '0.226342', '226', '3', '1', '9', '1', '1', '0', '1099', '4', '0', '-2.15664', '0', '5.94564e-10'
'DL', '0.227342', '227', '3', '1', '9', '1', '1', '0', '1099', '4', '0', '-2.23831', '0', '3.09425e-08'
'DL', '0.228342', '228', '3', '1', '9', '1', '1', '0', '1099', '4', '0', '-2.31456', '0', '0.000142938'
'DL', '0.229342', '229', '3', '1', '9', '1', '1', '0', '1099', '4', '0', '-2.36567', '0', '9.86936e-06'
'DL', '0.230342', '230', '3', '1', '9', '1', '1', '0', '1099', '4', '0', '-2.37726', '0', '0.000998528'
'DL', '0.231342', '231', '3', '1', '9', '1', '1', '0', '1099', '4', '0', '-2.34514', '0', '0.000377323'
'DL', '0.232342', '232', '3', '1', '9', '1', '1', '0', '1099', '4', '0', '-2.27648', '0', '3.45588e-06'
'DL', '0.233342', '233', '3', '1', '9', '1', '1', '0', '1099', '4', '0', '-2.18736', '0', '2.5004e-08'
'DL', '0.234342', '234', '3', '1', '9', '1', '1', '0', '1099', '4', '0', '-2.0983', '0', '5.02283e-11'
'DL', '0.235342', '235', '3', '1', '9', '1', '1', '0', '1099', '4', '0', '-2.02895', '0', '5.25993e-11'
'DL', '0.236342', '236', '3', '1', '9', '1', '1', '0', '1099', '4', '0', '-1.99388', '0', '8.88178e-16'
'DL', '0.237342', '237', '3', '1', '9', '1', '1', '0', '1099', '4', '0', '-2.00033', '0', '6.83496e-08'
'DL', '0.238342', '238', '3', '1', '9', '1', '1', '0', '1099', '4', '0', '-2.04707', '0', '2.69545e-07'
'DL', '0.239342', '239', '3', '1', '9', '1', '1', '0', '1099', '4', '0', '-2.12462', '0', '1.5282e-05'
'DL', '0.240342', '240', '3', '1', '9', '1', '1', '0', '1099', '4', '0', '-2.2166', '0', '4.42209e-09'
'DL', '0.241342', '241', '3', '1', '9', '1', '1', '0', '1099', '4', '0', '-2.30247', '0', '1.06646e-06'
'DL', '0.242342', '242', '3', '1', '9', '1', '1', '0', '1099', '4', '0', '-2.36216', '0', '1.34184e-06'
'DL', '0.243342', '243', '3', '1', '9', '1', '1', '0', '1099', '4', '0', '-2.38145', '0', '2.34486e-05'
'DL', '0.244342', '244', '3', '1', '9', '1', '1', '0', '1099', '4', '0', '-2.35624', '0', '3.07133e-08'
'DL', '0.245342', '245', '3', '1', '9', '1', '1', '0', '1099', '4', '0', '-2.294', '0', '1.0518e-09'
'DL', '0.246342', '246', '3', '1', '9', '1', '1', '0', '1099', '4', '0', '-2.21112', '0', '4.06795e-09'
'DL', '0.247342', '247', '3', '1', '9', '1', '1', '0', '1099', '4', '0', '-2.12789', '0', '0'
'DL', '0.248342', '248', '3', '1', '9', '1', '1', '0', '1099', '4', '0', '-2.06349', '0', '6.26455e-10'
'DL', '0.249342', '249', '3', '1', '9', '1', '1', '0', '1099', '4', '0', '-2.03177', '0', '5.84421e-13'
'DL', '0.250342', '250', '3', '1', '9', '1', '1', '0', '1099', '4', '0', '-2.03884', '0', '4.166e-12'
'DL', '0.251342', '251', '3', '1', '9', '1', '1', '0', '1099', '4', '0', '-2.08239', '0', '6.35647e-12'
'DL', '0.252342', '252', '3', '1', '9', '1', '1', '0', '1099', '4', '0', '-2.1519', '0', '1.05902e-10'
'DL', '0.253342', '253', '3', '1', '9', '1', '1', '0', '1099', '4', '0', '-2.23038', '0', '7.47929e-10'
'DL', '0.254342', '254', '3', '1', '9', '1', '1', '0', '1099', '4', '0', '-2.29776', '0', '0.000246502'
'DL', '0.255342', '255', '3', '1', '9', '1', '1', '0', '1099', '4', '0', '-2.33551', '0', '0.0023653'
'DL', '0.256342', '256', '3', '1', '9', '1', '1', '0', '1099', '4', '0', '-2.33199', '0', '0.00372482'
'DL', '0.257342', '257', '3', '1', '9', '1', '1', '0', '1099', '4', '0', '-2.28626', '0', '0.00577505'
'DL', '0.258342', '258', '3', '1', '9', '1', '1', '0', '1099', '4', '0', '-2.20834', '0', '2.47984e-07'
'DL', '0.259342', '259', '3', '1', '9', '1', '1', '0', '1099', '4', '0', '-2.11615', '0', '2.43713e-06'
'DL', '0.260342', '260', '3', '1', '9', '1', '1', '0', '1099', '4', '0', '-2.03033', '0', '2.7474e-10'
'DL', '0.261342', '261', '3', '1', '9', '1', '1', '0', '1099', '4', '0', '-1.9693', '0', '6.10623e-13'
'DL', '0.262342', '262', '3', '1', '9', '1', '1', '0', '1099', '4', '0', '-1.94585', '0', '9.10396e-10'
'DL', '0.263342', '263', '3', '1', '9', '1', '1', '0', '1099', '4', '0', '-1.96485', '0', '3.37984e-09'
'DL', '0.264342', '264', '3', '1', '9', '1', '1', '0', '1099', '4', '0', '-2.02261', '0', '6.31184e-12'
'DL', '0.265342', '265', '3', '1', '9', '1', '1', '0', '1099', '4', '0', '-2.10768', '0', '1.61382e-11'
'DL', '0.266342', '266', '3', '1', '9', '1', '1', '0', '1099', '4', '0', '-2.20232', '0', '1.71863e-13'
'DL', '0.267342', '267', '3', '1', '9', '1', '1', '0', '1099', '4', '0', '-2.28553', '0', '7.05671e-11'
'DL', '0.268342', '268', '3', '1', '9', '1', '1', '0', '1099', '4', '0', '-2.33825', '0', '2.88956e-07'
'DL', '0.269342', '269', '3', '1', '9', '1', '1', '0', '1099', '4', '0', '-2.34866', '0', '1.55139e-06'
'DL', '0.270342', '270', '3', '1', '9', '1', '1', '0', '1099', '4', '0', '-2.31568', '0', '1.11859e-05'
'DL', '0.271342', '271', '3', '1', '9', '1', '1', '0', '1099', '4', '0', '-2.2493', '0', '1.41471e-08'
'DL', '0.272342', '272', '3', '1', '9', '1', '1', '0', '1099', '4', '0', '-2.16741', '0', '5.36166e-06'
'DL', '0.273342', '273', '3', '1', '9', '1', '1', '0', '1099', '4', '0', '-2.09048', '0', '1.98602e-07'
'DL', '0.274342', '274', '3', '1', '9', '1', '1', '0', '1099', '4', '0', '-2.03643', '0', '1.14247e-07'
'DL', '0.275342', '275', '3', '1', '9', '1', '1', '0', '1099', '4', '0', '-2.01707', '0', '7.87399e-10'
'DL', '0.276342', '276', '3', '1', '9', '1', '1', '0', '1099', '4', '0', '-2.03639', '0', '8.75908e-11'
'DL', '0.277342', '277', '3', '1', '9', '1', '1', '0', '1099', '4', '0', '-2.08972', '0', '2.38698e-13'
'DL', '0.278342', '278', '3', '1', '9', '1', '1', '0', '1099', '4', '0', '-2.1643', '0', '1.60738e-12'
'DL', '0.279342', '279', '3', '1', '9', '1', '1', '0', '1099', '4', '0', '-2.24184', '0', '5.45842e-09'
'DL', '0.280342', '280', '3', '1', '9', '1', '1', '0', '1099', '4', '0', '-2.30219', '0', '4.31216e-08'
'DL', '0.281342', '281', '3', '1', '9', '1', '1', '0', '1099', '4', '0', '-2.32812', '0', '1.01718e-05'
'DL', '0.282342', '282', '3', '1', '9', '1', '1', '0', '1099', '4', '0', '-2.31072', '0', '1.362e-05'
'DL', '0.283342', '283', '3', '1', '9', '1', '1', '0', '1099', '4', '0', '-2.25236', '0', '1.26761e-05'
'DL', '0.284342', '284', '3', '1', '9', '1', '1', '0', '1099', '4', '0', '-2.16592', '0', '1.899e-07'
'DL', '0.285342', '285', '3', '1', '9', '1', '1', '0', '1099', '4', '0', '-2.07076', '0', '1.03956e-08'
'DL', '0.286342', '286', '3', '1', '9', '1', '1', '0', '1099', '4', '0', '-1.98741', '0', '2.44249e-15'
'DL', '0.287342', '287', '3', '1', '9', '1', '1', '0', '1099', '4', '0', '-1.93308', '0', '6.26166e-14'
'DL', '0.288342', '288', '3', '1', '9', '1', '1', '0', '1099', '4', '0', '-1.91857', '0', '0'
'DL', '0.289342', '289', '3', '1', '9', '1', '1', '0', '1099', '4', '0', '-1.94647', '0', '0'
'DL', '0.290342', '290', '3', '1', '9', '1', '1', '0', '1099', '4', '0', '-2.01089', '0', '3.10418e-13'
'DL', '0.291342', '291', '3', '1', '9', '1', '1', '0', '1099', '4', '0', '-2.09844', '0', '1.69726e-11'
'DL', '0.292342', '292', '3', '1', '9', '1', '1', '0', '1099', '4', '0', '-2.19022', '0', '8.92528e-09'
'DL', '0.293342', '293', '3', '1', '9', '1', '1', '0', '1099', '4', '0', '-2.26546', '0', '2.80312e-08'
'DL', '0.294342', '294', '3', '1', '9', '1', '1', '0', '1099', '4', '0', '-2.3067', '0', '1.61734e-05'
'DL', '0.295342', '295', '3', '1', '9', '1', '1', '0', '1099', '4', '0', '-2.30492', '0', '8.16163e-05'
'DL', '0.296342', '296', '3', '1', '9', '1', '1', '0', '1099', '4', '0', '-2.2623', '0', '0.000333438'
'DL', '0.297342', '297', '3', '1', '9', '1', '1', '0', '1099', '4', '0', '-2.19134', '0', '2.37298e-09'
'DL', '0.298342', '298', '3', '1', '9', '1', '1', '0', '1099', '4', '0', '-2.11099', '0', '5.26203e-07'
'DL', '0.299342', '299', '3', '1', '9', '1', '1', '0', '1099', '4', '0', '-2.04134', '0', '5.1914e-13'
'DL', '0.300342', '300', '3', '1', '9', '1', '1', '0', '1099', '4', '0', '0.978853', '0', '0'
'DL', '0.301329', '301', '3', '1', '6', '1', '1', '0', '1157', '6', '0', '0.903187', '0', '0'
'DL', '0.302329', '302', '3', '1', '6', '1', '1', '0', '1157', '6', '0', '0.844056', '0', '0'
'DL', '0.303329', '303', '3', '1', '6', '1', '1', '0', '1157', '6', '0', '0.831239', '0', '0'
'DL', '0.304329', '304', '3', '1', '6', '1', '1', '0', '1157', '6', '0', '0.875787', '0', '0'
'DL', '0.305329', '305', '3', '1', '6', '1', '1', '0', '1157', '6', '0', '0.966069', '0', '0'
'DL', '0.306329', '306', '3', '1', '6', '1', '1', '0', '1157', '6', '0', '1.07193', '0', '0'
'DL', '0.307329', '307', '3', '1', '6', '1', '1', '0', '1157', '6', '0', '1.15462', '0', '0'
'DL', '0.308329', '308', '3', '1', '6', '1', '1', '0', '1157', '6', '0', '1.17682', '0', '0'
'DL', '0.309329', '309', '3', '1', '6', '1', '1', '0', '1157', '6', '0', '1.10908', '0', '0'
'DL', '0.310329', '310', '3', '1', '6', '1', '1', '0', '1157', '6', '0', '0.933173', '0', '0'
'DL', '0.311329', '311', '3', '1', '6', '1', '1', '0', '1157', '6', '0', '0.644455', '0', '5.55074e-10'
'DL', '0.312329', '312', '3', '1', '6', '1', '1', '0', '1157', '6', '0', '0.255208', '0', '2.42817e-06'
'DL', '0.313329', '313', '3', '1', '6', '1', '1', '0', '1157', '6', '0', '-0.200607', '0', '0.00359448'
'DL', '0.314329', '314', '3', '1', '6', '1', '1', '0', '1157', '6', '0', '-0.663212', '1', '0.894208'
'DL', '0.315342', '315', '3', '1', '9', '1', '1', '0', '1099', '4', '0', '-1.05011', '0', '0'
'DL', '0.316342', '316', '3', '1', '9', '1', '1', '0', '1099', '4', '0', '-1.2767', '0', '0'
'DL', '0.317342', '317', '3', '1', '9', '1', '1', '0', '1099', '4', '0', '-1.29444', '0', '0'
'DL', '0.318342', '318', '3', '1', '9', '1', '1', '0', '1099', '4', '0', '-1.11962', '0', '0'
'DL', '0.319342', '319', '3', '1', '9', '1', '1', '0', '1099', '4', '0', '-0.823329', '0', '0'
'DL', '0.320342', '320', '3', '1', '9', '1', '1', '0', '1099', '4', '0', '-0.49352', '0', '0'
'DL', '0.321329', '321', '3', '1', '6', '1', '1', '0', '1157', '6', '0', '-0.202897', '0', '7.70242e-07'
'DL', '0.322329', '322', '3', '1', '6', '1', '1', '0', '1157', '6', '0', '0.00305493', '0', '1.03446e-07'
'DL', '0.323329', '323', '3', '1', '6', '1', '1', '0', '1157', '6', '0', '0.105165', '0', '8.80355e-06'
'DL', '0.324329', '324', '3', '1', '6', '1', '1', '0', '1157', '6', '0', '0.106708', '0', '3.86358e-12'
'DL', '0.325329', '325', '3', '1', '6', '1', '1', '0', '1157', '6', '0', '0.0303518', '0', '9.85976e-08'
'DL', '0.326329', '326', '3', '1', '6', '1', '1', '0', '1157', '6', '0', '-0.0848871', '0', '0.000523721'
'DL', '0.327329', '327', '3', '1', '6', '1', '1', '0', '1157', '6', '0', '-0.18937', '0', '0.00587596'
'DL', '0.328329', '328', '3', '1', '6', '1', '1', '0', '1157', '6', '0', '-0.234106', '0', '0.000126226'
'DL', '0.329329', '329', '3', '1', '6', '1', '1', '0', '1157', '6', '0', '-0.187135', '0', '2.68893e-06'
'DL', '0.330329', '330', '3', '1', '6', '1', '1', '0', '1157', '6', '0', '-0.0471053', '0', '1.60479e-06'
'DL', '0.331329', '331', '3', '1', '6', '1', '1', '0', '1157', '6', '0', '0.156129', '0', '1.72971e-11'
'DL', '0.332329', '332', '3', '1', '6', '1', '1', '0', '1157', '6', '0', '0.374098', '0', '0'
'DL', '0.333329', '333', '3', '1', '6', '1', '1', '0', '1157', '6', '0', '0.555959', '0', '0'
'DL', '0.334329', '334', '3', '1', '6', '1', '1', '0', '1157', '6', '0', '0.660076', '0', '0'
'DL', '0.335329', '335', '3', '1', '6', '1', '1', '0', '1157', '6', '0', '0.658838', '0', '0'
'DL', '0.336329', '336', '3', '1', '6', '1', '1', '0', '1157', '6', '0', '0.539574', '0', '0'
'DL', '0.337329', '337', '3', '1', '6', '1', '1', '0', '1157', '6', '0', '0.305487', '0', '2.22045e-16'
'DL', '0.338329', '338', '3', '1', '6', '1', '1', '0', '1157', '6', '0', '-0.0219203', '0', '3.9453e-05'
'DL', '0.339329', '339', '3', '1', '6', '1', '1', '0', '1157', '6', '0', '-0.399661', '0', '0.703422'
'DL', '0.340342', '340', '3', '1', '9', '1', '1', '0', '1099', '4', '0', '-0.762639', '0', '0'
'DL', '0.341342', '341', '3', '1', '9', '1', '1', '0', '1099', '4', '0', '-1.03319', '0', '0'
'DL', '0.342342', '342', '3', '1', '9', '1', '1', '0', '1099', '4', '0', '-1.14643', '0', '0'
'DL', '0.343342', '343', '3', '1', '9', '1', '1', '0', '1099', '4', '0', '-1.08168', '0', '0'
'DL', '0.344342', '344', '3', '1', '9', '1', '1', '0', '1099', '4', '0', '-0.874697', '0', '0'
'DL', '0.345342', '345', '3', '1', '9', '1', '1', '0', '1099', '4', '0', '-0.59799', '0', '0'
'DL', '0.346342', '346', '3', '1', '9', '1', '1', '0', '1099', '4', '0', '-0.328268', '0', '0'
'DL', '0.347329', '347', '3', '1', '6', '1', '1', '0', '1157', '6', '0', '-0.125235', '0', '0.00118171'
'DL', '0.348329', '348', '3', '1', '6', '1', '1', '0', '1157', '6', '0', '-0.0251614', '0', '0.00141433'
'DL', '0.349329', '349', '3', '1', '6', '1', '1', '0', '1157', '6', '0', '-0.0418447', '0', '2.87731e-05'
'DL', '0.350329', '350', '3', '1', '6', '1', '1', '0', '1157', '6', '0', '-0.168887', '0', '0.00018134'
'DL', '0.351329', '351', '3', '1', '6', '1', '1', '0', '1157', '6', '0', '-0.380244', '0', '0.0801657'
'DL', '0.352329', '352', '3', '1', '6', '1', '1', '0', '1157', '6', '0', '-0.63027', '1', '0.2379'
'DL', '0.353342', '353', '3', '1', '9', '1', '1', '0', '1099', '4', '0', '-0.857889', '0', '0'
'DL', '0.354342', '354', '3', '1', '9', '1', '1', '0', '1099', '4', '0', '-0.999853', '0', '0'
'DL', '0.355342', '355', '3', '1', '9', '1', '1', '0', '1099', '4', '0', '-1.01354', '0', '0'
'DL', '0.356342', '356', '3', '1', '9', '1', '1', '0', '1099', '4', '0', '-0.897266', '0', '0'
'DL', '0.357342', '357', '3', '1', '9', '1', '1', '0', '1099', '4', '0', '-0.690984', '0', '0'
'DL', '0.358342', '358', '3', '1', '9', '1', '1', '0', '1099', '4', '0', '-0.457274', '0', '0'
'DL', '0.359342', '359', '3', '1', '9', '1', '1', '0', '1099', '4', '0', '-0.258143', '0', '0'
'DL', '0.360329', '360', '3', '1', '6', '1', '1', '0', '1157', '6', '0', '-0.14039', '0', '0.0060821'
'DL', '0.361329', '361', '3', '1', '6', '1', '1', '0', '1157', '6', '0', '-0.131067', '0', '0.00349341'
'DL', '0.362329', '362', '3', '1', '6', '1', '1', '0', '1157', '6', '0', '-0.237001', '0', '0.0211964'
'DL', '0.363329', '363', '3', '1', '6', '1', '1', '0', '1157', '6', '0', '-0.443548', '1', '0.711661'
'DL', '0.364342', '364', '3', '1', '9', '1', '1', '0', '1099', '4', '0', '-0.712372', '0', '0'
'DL', '0.365342', '365', '3', '1', '9', '1', '1', '0', '1099', '4', '0', '-0.980588', '0', '0'
'DL', '0.366342', '366', '3', '1', '9', '1', '1', '0', '1099', '4', '0', '-1.16797', '0', '0'
'DL', '0.367342', '367', '3', '1', '9', '1', '1', '0', '1099', '4', '0', '-1.20073', '0', '0'
'DL', '0.368342', '368', '3', '1', '9', '1', '1', '0', '1099', '4', '0', '-1.04606', '0', '0'
'DL', '0.369342', '369', '3', '1', '9', '1', '1', '0', '1099', '4', '0', '-0.730566', '0', '0'
'DL', '0.370342', '370', '3', '1', '9', '1', '1', '0', '1099', '4', '0', '-0.324471', '0', '0'
'DL', '0.371329', '371', '3', '1', '6', '1', '1', '0', '1157', '6', '0', '0.0923758', '0', '1.43219e-13'
'DL', '0.372329', '372', '3', '1', '6', '1', '1', '0', '1157', '6', '0', '0.455439', '0', '8.88178e-16'
'DL', '0.373329', '373', '3', '1', '6', '1', '1', '0', '1157', '6', '0', '0.723684', '0', '0'
'DL', '0.374329', '374', '3', '1', '6', '1', '1', '0', '1157', '6', '0', '0.877889', '0', '0'
'DL', '0.375329', '375', '3', '1', '6', '1', '1', '0', '1157', '6', '0', '0.916555', '0', '0'
'DL', '0.376329', '376', '3', '1', '6', '1', '1', '0', '1157', '6', '0', '0.853249', '0', '0'
'DL', '0.377329', '377', '3', '1', '6', '1', '1', '0', '1157', '6', '0', '0.715364', '0', '0'
'DL', '0.378329', '378', '3', '1', '6', '1', '1', '0', '1157', '6', '0', '0.542068', '0', '0'
'DL', '0.379329', '379', '3', '1', '6', '1', '1', '0', '1157', '6', '0', '0.379106', '0', '0'
'DL', '0.380329', '380', '3', '1', '6', '1', '1', '0', '1157', '6', '0', '0.268579', '0', '0'
'DL', '0.381329', '381', '3', '1', '6', '1', '1', '0', '1157', '6', '0', '0.235217', '0', '0'
'DL', '0.382329', '382', '3', '1', '6', '1', '1', '0', '1157', '6', '0', '0.276446', '0', '1.14175e-12'
'DL', '0.383329', '383', '3', '1', '6', '1', '1', '0', '1157', '6', '0', '0.36343', '0', '1.66533e-14'
'DL', '0.384329', '384', '3', '1', '6', '1', '1', '0', '1157', '6', '0', '0.452323', '0', '0'
'DL', '0.385329', '385', '3', '1', '6', '1', '1', '0', '1157', '6', '0', '0.49813', '0', '0'
'DL', '0.386329', '386', '3', '1', '6', '1', '1', '0', '1157', '6', '0', '0.464669', '0', '0'
'DL', '0.387329', '387', '3', '1', '6', '1', '1', '0', '1157', '6', '0', '0.329935', '0', '0'
'DL', '0.388329', '388', '3', '1', '6', '1', '1', '0', '1157', '6', '0', '0.0892575', '0', '7.62501e-13'
'DL', '0.389329', '389', '3', '1', '6', '1', '1', '0', '1157', '6', '0', '-0.241247', '0', '0.00875935'
'DL', '0.390329', '390', '3', '1', '6', '1', '1', '0', '1157', '6', '0', '-0.619748', '0', '0.221848'
'DL', '0.391342', '391', '3', '1', '9', '1', '1', '0', '1099', '4', '0', '-0.975771', '0', '0'
'DL', '0.392342', '392', '3', '1', '9', '1', '1', '0', '1099', '4', '0', '-1.21905', '0', '0'
'DL', '0.393342', '393', '3', '1', '9', '1', '1', '0', '1099', '4', '0', '-1.26952', '0', '0'
'DL', '0.394342', '394', '3', '1', '9', '1', '1', '0', '1099', '4', '0', '-1.09889', '0', '0'
'DL', '0.395342', '395', '3', '1', '9', '1', '1', '0', '1099', '4', '0', '-0.748288', '0', '0'
'DL', '0.396342', '396', '3', '1', '9', '1', '1', '0', '1099', '4', '0', '-0.302808', '0', '0'
'DL', '0.397342', '397', '3', '1', '9', '1', '1', '0', '1099', '4', '0', '0.149791', '0', '0'
'DL', '0.398329', '398', '3', '1', '6', '1', '1', '0', '1157', '6', '0', '0.544324', '0', '3.70445e-08'
'DL', '0.399329', '399', '3', '1', '6', '1', '1', '0', '1157', '6', '0', '0.843414', '0', '0'
'DL', '0.400329', '400', '3', '1', '6', '1', '1', '0', '1157', '6', '0', '0.653204', '0', '0'
'DL', '0.401329', '401', '3', '1', '6', '1', '1', '0', '1157', '6', '0', '0.365616', '0', '2.31708e-08'
'DL', '0.402329', '402', '3', '1', '6', '1', '1', '0', '1157', '6', '0', '0.123562', '0', '2.62835e-06'
'DL', '0.403329', '403', '3', '1', '6', '1', '1', '0', '1157', '6', '0', '0.004556', '0', '2.19622e-09'
'DL', '0.404329', '404', '3', '1', '6', '1', '1', '0', '1157', '6', '0', '0.0469278', '0', '1.64313e-14'
'DL', '0.405329', '405', '3', '1', '6', '1', '1', '0', '1157', '6', '0', '0.228447', '0', '0'
'DL', '0.406329', '406', '3', '1', '6', '1', '1', '0', '1157', '6', '0', '0.478899', '0', '0'
'DL', '0.407329', '407', '3', '1', '6', '1', '1', '0', '1157', '6', '0', '0.713594', '0', '0'
'DL', '0.408329', '408', '3', '1', '6', '1', '1', '0', '1157', '6', '0', '0.859653', '0', '0'
'DL', '0.409329', '409', '3', '1', '6', '1', '1', '0', '1157', '6', '0', '0.865941', '0', '7.01439e-13'
'DL', '0.410329', '410', '3', '1', '6', '1', '1', '0', '1157', '6', '0', '0.703192', '0', '0.000258407'
'DL', '0.411329', '411', '3', '1', '6', '1', '1', '0', '1157', '6', '0', '0.363102', '0', '0.424046'
'DL', '0.412342', '412', '3', '1', '9', '1', '1', '0', '1099', '4', '0', '-0.137078', '0', '0'
'DL', '0.413342', '413', '3', '1', '9', '1', '1', '0', '1099', '4', '0', '-0.741126', '0', '0'
'DL', '0.414342', '414', '3', '1', '9', '1', '1', '0', '1099', '4', '0', '-1.3349', '0', '0'
'DL', '0.415342', '415', '3', '1', '9', '1', '1', '0', '1099', '4', '0', '-1.74478', '0', '0'
'DL', '0.416342', '416', '3', '1', '9', '1', '1', '0', '1099', '4', '0', '-1.8015', '0', '0'
'DL', '0.417342', '417', '3', '1', '9', '1', '1', '0', '1099', '4', '0', '-1.46116', '0', '0'
'DL', '0.418342', '418', '3', '1', '9', '1', '1', '0', '1099', '4', '0', '-0.843831', '0', '0'
'DL', '0.419342', '419', '3', '1', '9', '1', '1', '0', '1099', '4', '0', '-0.132861', '0', '0'
'DL', '0.420342', '420', '3', '1', '9', '1', '1', '0', '1099', '4', '0', '0.52689', '0', '0'
'DL', '0.421329', '421', '3', '1', '6', '1', '1', '0', '1157', '6', '0', '1.05401', '0', '0'
'DL', '0.422329', '422', '3', '1', '6', '1', '1', '0', '1157', '6', '0', '1.41479', '0', '0'
'DL', '0.423329', '423', '3', '1', '6', '1', '1', '0', '1157', '6', '0', '1.60502', '0', '0'
'DL', '0.424329', '424', '3', '1', '6', '1', '1', '0', '1157', '6', '0', '1.6402', '0', '0'
'DL', '0.425329', '425', '3', '1', '6', '1', '1', '0', '1157', '6', '0', '1.55225', '0', '0'
'DL', '0.426329', '426', '3', '1', '6', '1', '1', '0', '1157', '6', '0', '1.38893', '0', '0'
'DL', '0.427329', '427', '3', '1', '6', '1', '1', '0', '1157', '6', '0', '1.21156', '0', '0'
'DL', '0.428329', '428', '3', '1', '6', '1', '1', '0', '1157', '6', '0', '1.08519', '0', '0'
'DL', '0.429329', '429', '3', '1', '6', '1', '1', '0', '1157', '6', '0', '1.05869', '0', '0'
'DL', '0.430329', '430', '3', '1', '6', '1', '1', '0', '1157', '6', '0', '1.14405', '0', '0'
'DL', '0.431329', '431', '3', '1', '6', '1', '1', '0', '1157', '6', '0', '1.31072', '0', '0'
'DL', '0.432329', '432', '3', '1', '6', '1', '1', '0', '1157', '6', '0', '1.49993', '0', '0'
'DL', '0.433321', '433', '3', '1', '4', '1', '1', '0', '1131', '8', '0', '1.64666', '0', '1.61327e-06'
'DL', '0.434321', '434', '3', '1', '4', '1', '1', '0', '1131', '8', '0', '1.69515', '0', '3.70409e-05'
'DL', '0.435321', '435', '3', '1', '4', '1', '1', '0', '1131', '8', '0', '1.60497', '0', '0.00455263'
'DL', '0.436321', '436', '3', '1', '4', '1', '1', '0', '1131', '8', '0', '1.35186', '1', '0.36577'
'DL', '0.437329', '437', '3', '1', '6', '1', '1', '0', '1157', '6', '0', '0.928737', '0', '0'
'DL', '0.438329', '438', '3', '1', '6', '1', '1', '0', '1157', '6', '0', '0.351215', '0', '0'
'DL', '0.439329', '439', '3', '1', '6', '1', '1', '0', '1157', '6', '0', '-0.328878', '0', '0.0547017'
'DL', '0.440329', '440', '3', '1', '6', '1', '1', '0', '1157', '6', '0', '-1.00444', '1', '1'
'DL', '0.441342', '441', '3', '1', '9', '1', '1', '0', '1099', '4', '0', '-1.50933', '0', '0'
'DL', '0.442342', '442', '3', '1', '9', '1', '1', '0', '1099', '4', '0', '-1.67504', '0', '0'
'DL', '0.443342', '443', '3', '1', '9', '1', '1', '0', '1099', '4', '0', '-1.44683', '0', '0'
'DL', '0.444342', '444', '3', '1', '9', '1', '1', '0', '1099', '4', '0', '-0.932301', '0', '0'
'DL', '0.445342', '445', '3', '1', '9', '1', '1', '0', '1099', '4', '0', '-0.311462', '0', '0'
'DL', '0.446329', '446', '3', '1', '6', '1', '1', '0', '1157', '6', '0', '0.267423', '0', '0'
'DL', '0.447329', '447', '3', '1', '6', '1', '1', '0', '1157', '6', '0', '0.718561', '0', '0'
'DL', '0.448329', '448', '3', '1', '6', '1', '1', '0', '1157', '6', '0', '1.00561', '0', '0'
'DL', '0.449329', '449', '3', '1', '6', '1', '1', '0', '1157', '6', '0', '1.12433', '0', '0'
'DL', '0.450329', '450', '3', '1', '6', '1', '1', '0', '1157', '6', '0', '1.09307', '0', '0'
'DL', '0.451329', '451', '3', '1', '6', '1', '1', '0', '1157', '6', '0', '0.950205', '0', '0'
'DL', '0.452329', '452', '3', '1', '6', '1', '1', '0', '1157', '6', '0', '0.753968', '0', '0'
'DL', '0.453329', '453', '3', '1', '6', '1', '1', '0', '1157', '6', '0', '0.577848', '0', '0'
'DL', '0.454329', '454', '3', '1', '6', '1', '1', '0', '1157', '6', '0', '0.494038', '0', '0'
'DL', '0.455329', '455', '3', '1', '6', '1', '1', '0', '1157', '6', '0', '0.545926', '0', '0'
'DL', '0.456329', '456', '3', '1', '6', '1', '1', '0', '1157', '6', '0', '0.726687', '0', '0'
'DL', '0.457329', '457', '3', '1', '6', '1', '1', '0', '1157', '6', '0', '0.983034', '0', '0'
'DL', '0.458329', '458', '3', '1', '6', '1', '1', '0', '1157', '6', '0', '1.2405', '0', '0'
'DL', '0.459329', '459', '3', '1', '6', '1', '1', '0', '1157', '6', '0', '1.42884', '0', '0'
'DL', '0.460329', '460', '3', '1', '6', '1', '1', '0', '1157', '6', '0', '1.49437', '0', '0'
'DL', '0.461329', '461', '3', '1', '6', '1', '1', '0', '1157', '6', '0', '1.40172', '0', '0'
'DL', '0.462329', '462', '3', '1', '6', '1', '1', '0', '1157', '6', '0', '1.13225', '0', '0'
'DL', '0.463329', '463', '3', '1', '6', '1', '1', '0', '1157', '6', '0', '0.684696', '0', '0'
'DL', '0.464329', '464', '3', '1', '6', '1', '1', '0', '1157', '6', '0', '0.0818306', '0', '1.74749e-13'
'DL', '0.465329', '465', '3', '1', '6', '1', '1', '0', '1157', '6', '0', '-0.614678', '0', '0.119752'
'DL', '0.466342', '466', '3', '1', '9', '1', '1', '0', '1099', '4', '0', '-1.28575', '0', '0'
'DL', '0.467342', '467', '3', '1', '9', '1', '1', '0', '1099', '4', '0', '-1.7582', '0', '0'
'DL', '0.468342', '468', '3', '1', '9', '1', '1', '0', '1099', '4', '0', '-1.87535', '0', '0'
'DL', '0.469342', '469', '3', '1', '9', '1', '1', '0', '1099', '4', '0', '-1.61318', '0', '0'
'DL', '0.470342', '470', '3', '1', '9', '1', '1', '0', '1099', '4', '0', '-1.10238', '0', '0'
'DL', '0.471342', '471', '3', '1', '9', '1', '1', '0', '1099', '4', '0', '-0.523953', '0', '0'
'DL', '0.472329', '472', '3', '1', '6', '1', '1', '0', '1157', '6', '0', '-0.0168442', '0', '6.51329e-05'
'DL', '0.473329', '473', '3', '1', '6', '1', '1', '0', '1157', '6', '0', '0.341142', '0', '0.000344889'
'DL', '0.474329', '474', '3', '1', '6', '1', '1', '0', '1157', '6', '0', '0.51791', '0', '0.000560851'
'DL', '0.475329', '475', '3', '1', '6', '1', '1', '0', '1157', '6', '0', '0.511197', '0', '7.0454e-05'
'DL', '0.476329', '476', '3', '1', '6', '1', '1', '0', '1157', '6', '0', '0.341903', '0', '9.88379e-07'
'DL', '0.477329', '477', '3', '1', '6', '1', '1', '0', '1157', '6', '0', '0.0553787', '0', '1.10588e-07'
'DL', '0.478329', '478', '3', '1', '6', '1', '1', '0', '1157', '6', '0', '-0.27482', '0', '0.00206845'
'DL', '0.479329', '479', '3', '1', '6', '1', '1', '0', '1157', '6', '0', '-0.550496', '1', '0.673185'
'DL', '0.480342', '480', '3', '1', '9', '1', '1', '0', '1099', '4', '0', '-0.673592', '0', '0'
'DL', '0.481342', '481', '3', '1', '9', '1', '1', '0', '1099', '4', '0', '-0.592121', '0', '0'
'DL', '0.482342', '482', '3', '1', '9', '1', '1', '0', '1099', '4', '0', '-0.332038', '0', '0'
'DL', '0.483329', '483', '3', '1', '6', '1', '1', '0', '1157', '6', '0', '0.019436', '0', '4.51654e-08'
'DL', '0.484329', '484', '3', '1', '6', '1', '1', '0', '1157', '6', '0', '0.359918', '0', '5.9952e-15'
'DL', '0.485329', '485', '3', '1', '6', '1', '1', '0', '1157', '6', '0', '0.605837', '0', '0'
'DL', '0.486329', '486', '3', '1', '6', '1', '1', '0', '1157', '6', '0', '0.701765', '0', '0'
'DL', '0.487329', '487', '3', '1', '6', '1', '1', '0', '1157', '6', '0', '0.616885', '0', '0'
'DL', '0.488329', '488', '3', '1', '6', '1', '1', '0', '1157', '6', '0', '0.341388', '0', '1.83099e-07'
'DL', '0.489329', '489', '3', '1', '6', '1', '1', '0', '1157', '6', '0', '-0.111398', '1', '0.80417'
'DL', '0.490342', '490', '3', '1', '9', '1', '1', '0', '1099', '4', '0', '-0.694577', '0', '0'
'DL', '0.491342', '491', '3', '1', '9', '1', '1', '0', '1099', '4', '0', '-1.30898', '0', '0'
'DL', '0.492342', '492', '3', '1', '9', '1', '1', '0', '1099', '4', '0', '-1.79269', '0', '3.19744e-14'
'DL', '0.493342', '493', '3', '1', '9', '1', '1', '0', '1099', '4', '0', '-1.96455', '0', '2.61339e-10'
'DL', '0.494342', '494', '3', '1', '9', '1', '1', '0', '1099', '4', '0', '-1.73943', '0', '1.33227e-15'
'DL', '0.495342', '495', '3', '1', '9', '1', '1', '0', '1099', '4', '0', '-1.20141', '0', '0'
'DL', '0.496342', '496', '3', '1', '9', '1', '1', '0', '1099', '4', '0', '-0.530427', '0', '0'
'DL', '0.497329', '497', '3', '1', '6', '1', '1', '0', '1157', '6', '0', '0.112911', '0', '7.27527e-11'
'DL', '0.498329', '498', '3', '1', '6', '1', '1', '0', '1157', '6', '0', '0.630568', '0', '0'
'DL', '0.499329', '499', '3', '1', '6', '1', '1', '0', '1157', '6', '0', '0.976772', '0', '0'
'DL', '0.500329', '500', '3', '1', '6', '1', '1', '0', '1157', '6', '0', '0.132884', '0', '0'
'DL', '0.501329', '501', '3', '1', '6', '1', '1', '0', '1157', '6', '0', '-0.168723', '0', '1.24003e-08'
'DL', '0.502329', '502', '3', '1', '6', '1', '1', '0', '1157', '6', '0', '-0.456049', '0', '0.0324273'
'DL', '0.503329', '503', '3', '1', '6', '1', '1', '0', '1157', '6', '0', '-0.666058', '1', '0.986235'
'DL', '0.504342', '504', '3', '1', '9', '1', '1', '0', '1099', '4', '0', '-0.734029', '0', '0'
'DL', '0.505342', '505', '3', '1', '9', '1', '1', '0', '1099', '4', '0', '-0.617689', '0', '0'
'DL', '0.506342', '506', '3', '1', '9', '1', '1', '0', '1099', '4', '0', '-0.318012', '0', '0'
'DL', '0.507329', '507', '3', '1', '6', '1', '1', '0', '1157', '6', '0', '0.121172', '0', '0'
'DL', '0.508329', '508', '3', '1', '6', '1', '1', '0', '1157', '6', '0', '0.6341', '0', '0'
'DL', '0.509329', '509', '3', '1', '6', '1', '1', '0', '1157', '6', '0', '1.15653', '0', '0'
'DL', '0.510329', '510', '3', '1', '6', '1', '1', '0', '1157', '6', '0', '1.63867', '0', '0'
'DL', '0.511321', '511', '3', '1', '4', '1', '1', '0', '1131', '8', '0', '2.04747', '0', '0.00354952'
'DL', '0.512321', '512', '3', '1', '4', '1', '1', '0', '1131', '8', '0', '2.36369', '0', '0.000185909'
'DL', '0.513321', '513', '3', '1', '4', '1', '1', '0', '1131', '8', '0', '2.57804', '0', '0.00105587'
'DL', '0.514321', '514', '3', '1', '4', '1', '1', '0', '1131', '8', '0', '2.68843', '0', '0.00857788'
'DL', '0.515321', '515', '3', '1', '4', '1', '1', '0', '1131', '8', '0', '2.69833', '0', '0.0303405'
'DL', '0.516321', '516', '3', '1', '4', '1', '1', '0', '1131', '8', '0', '2.6162', '0', '0.0994618'
'DL', '0.517321', '517', '3', '1', '4', '1', '1', '0', '1131', '8', '0', '2.45565', '0', '0.308636'
'DL', '0.518329', '518', '3', '1', '6', '1', '1', '0', '1157', '6', '0', '2.23599', '0', '0'
'DL', '0.519329', '519', '3', '1', '6', '1', '1', '0', '1157', '6', '0', '1.98251', '0', '0'
'DL', '0.520329', '520', '3', '1', '6', '1', '1', '0', '1157', '6', '0', '1.72534', '0', '0'
'DL', '0.521329', '521', '3', '1', '6', '1', '1', '0', '1157', '6', '0', '1.496', '0', '0'
'DL', '0.522329', '522', '3', '1', '6', '1', '1', '0', '1157', '6', '0', '1.32133', '0', '0'
'DL', '0.523329', '523', '3', '1', '6', '1', '1', '0', '1157', '6', '0', '1.21637', '0', '0'
'DL', '0.524329', '524', '3', '1', '6', '1', '1', '0', '1157', '6', '0', '1.17929', '0', '0'
'DL', '0.525329', '525', '3', '1', '6', '1', '1', '0', '1157', '6', '0', '1.19177', '0', '0'
'DL', '0.526329', '526', '3', '1', '6', '1', '1', '0', '1157', '6', '0', '1.22427', '0', '0'
'DL', '0.527329', '527', '3', '1', '6', '1', '1', '0', '1157', '6', '0', '1.24328', '0', '0'
'DL', '0.528329', '528', '3', '1', '6', '1', '1', '0', '1157', '6', '0', '1.21717', '0', '6.66134e-16'
'DL', '0.529329', '529', '3', '1', '6', '1', '1', '0', '1157', '6', '0', '1.11985', '0', '0'
'DL', '0.530329', '530', '3', '1', '6', '1', '1', '0', '1157', '6', '0', '0.932429', '0', '0'
'DL', '0.531329', '531', '3', '1', '6', '1', '1', '0', '1157', '6', '0', '0.643923', '0', '0'
'DL', '0.532329', '532', '3', '1', '6', '1', '1', '0', '1157', '6', '0', '0.252694', '0', '0'
'DL', '0.533329', '533', '3', '1', '6', '1', '1', '0', '1157', '6', '0', '-0.230156', '0', '6.31202e-05'
'DL', '0.534329', '534', '3', '1', '6', '1', '1', '0', '1157', '6', '0', '-0.774742', '1', '0.984304'
'DL', '0.535342', '535', '3', '1', '9', '1', '1', '0', '1099', '4', '0', '-1.32492', '0', '0'
'DL', '0.536342', '536', '3', '1', '9', '1', '1', '0', '1099', '4', '0', '-1.79499', '0', '0'
'DL', '0.537342', '537', '3', '1', '9', '1', '1', '0', '1099', '4', '0', '-2.08308', '0', '1.12044e-12'
'DL', '0.538342', '538', '3', '1', '9', '1', '1', '0', '1099', '4', '0', '-2.11106', '0', '3.0429e-12'
'DL', '0.539342', '539', '3', '1', '9', '1', '1', '0', '1099', '4', '0', '-1.87035', '0', '0'
'DL', '0.540342', '540', '3', '1', '9', '1', '1', '0', '1099', '4', '0', '-1.4283', '0', '0'
'DL', '0.541342', '541', '3', '1', '9', '1', '1', '0', '1099', '4', '0', '-0.887717', '0', '0'
'DL', '0.542342', '542', '3', '1', '9', '1', '1', '0', '1099', '4', '0', '-0.34251', '0', '0'
'DL', '0.543329', '543', '3', '1', '6', '1', '1', '0', '1157', '6', '0', '0.141391', '0', '5.45937e-10'
'DL', '0.544329', '544', '3', '1', '6', '1', '1', '0', '1157', '6', '0', '0.524921', '0', '0'
'DL', '0.545329', '545', '3', '1', '6', '1', '1', '0', '1157', '6', '0', '0.788194', '0', '0'
'DL', '0.546329', '546', '3', '1', '6', '1', '1', '0', '1157', '6', '0', '0.923666', '0', '0'
'DL', '0.547329', '547', '3', '1', '6', '1', '1', '0', '1157', '6', '0', '0.932166', '0', '0'
'DL', '0.548329', '548', '3', '1', '6', '1', '1', '0', '1157', '6', '0', '0.821575', '0', '0'
'DL', '0.549329', '549', '3', '1', '6', '1', '1', '0', '1157', '6', '0', '0.607429', '0', '0'
'DL', '0.550329', '550', '3', '1', '6', '1', '1', '0', '1157', '6', '0', '0.314821', '0', '1.4424e-12'
'DL', '0.551329', '551', '3', '1', '6', '1', '1', '0', '1157', '6', '0', '-0.0192517', '0', '0.0030892'
'DL', '0.552329', '552', '3', '1', '6', '1', '1', '0', '1157', '6', '0', '-0.345135', '1', '0.901286'
'DL', '0.553342', '553', '3', '1', '9', '1', '1', '0', '1099', '4', '0', '-0.605153', '0', '0'
'DL', '0.554342', '554', '3', '1', '9', '1', '1', '0', '1099', '4', '0', '-0.746789', '0', '0'
'DL', '0.555342', '555', '3', '1', '9', '1', '1', '0', '1099', '4', '0', '-0.74135', '0', '0'
'DL', '0.556342', '556', '3', '1', '9', '1', '1', '0', '1099', '4', '0', '-0.596547', '0', '0'
'DL', '0.557329', '557', '3', '1', '6', '1', '1', '0', '1157', '6', '0', '-0.352711', '0', '4.57698e-06'
'DL', '0.558329', '558', '3', '1', '6', '1', '1', '0', '1157', '6', '0', '-0.0658496', '0', '3.16126e-08'
'DL', '0.559329', '559', '3', '1', '6', '1', '1', '0', '1157', '6', '0', '0.209837', '0', '7.98659e-11'
'DL', '0.560329', '560', '3', '1', '6', '1', '1', '0', '1157', '6', '0', '0.431677', '0', '0'
'DL', '0.561329', '561', '3', '1', '6', '1', '1', '0', '1157', '6', '0', '0.57078', '0', '0'
'DL', '0.562329', '562', '3', '1', '6', '1', '1', '0', '1157', '6', '0', '0.610742', '0', '2.66454e-15'
'DL', '0.563329', '563', '3', '1', '6', '1', '1', '0', '1157', '6', '0', '0.546', '0', '3.0711e-11'
'DL', '0.564329', '564', '3', '1', '6', '1', '1', '0', '1157', '6', '0', '0.381315', '0', '0.000282007'
'DL', '0.565329', '565', '3', '1', '6', '1', '1', '0', '1157', '6', '0', '0.13284', '0', '0.0169806'
'DL', '0.566329', '566', '3', '1', '6', '1', '1', '0', '1157', '6', '0', '-0.169438', '0', '0.34528'
'DL', '0.567342', '567', '3', '1', '9', '1', '1', '0', '1099', '4', '0', '-0.47947', '0', '0'
'DL', '0.568342', '568', '3', '1', '9', '1', '1', '0', '1099', '4', '0', '-0.736905', '0', '0'
'DL', '0.569342', '569', '3', '1', '9', '1', '1', '0', '1099', '4', '0', '-0.877997', '0', '0'
'DL', '0.570342', '570', '3', '1', '9', '1', '1', '0', '1099', '4', '0', '-0.856607', '0', '0'
'DL', '0.571342', '571', '3', '1', '9', '1', '1', '0', '1099', '4', '0', '-0.664938', '0', '0'
'DL', '0.572342', '572', '3', '1', '9', '1', '1', '0', '1099', '4', '0', '-0.33752', '0', '0'
'DL', '0.573342', '573', '3', '1', '9', '1', '1', '0', '1099', '4', '0', '0.065175', '0', '0'
'DL', '0.574329', '574', '3', '1', '6', '1', '1', '0', '1157', '6', '0', '0.479329', '0', '0'
'DL', '0.575329', '575', '3', '1', '6', '1', '1', '0', '1157', '6', '0', '0.852352', '0', '0'
'DL', '0.576329', '576', '3', '1', '6', '1', '1', '0', '1157', '6', '0', '1.14698', '0', '0'
'DL', '0.577329', '577', '3', '1', '6', '1', '1', '0', '1157', '6', '0', '1.33946', '0', '0'
'DL', '0.578329', '578', '3', '1', '6', '1', '1', '0', '1157', '6', '0', '1.41628', '0', '0'
'DL', '0.579329', '579', '3', '1', '6', '1', '1', '0', '1157', '6', '0', '1.37143', '0', '0'
'DL', '0.580329', '580', '3', '1', '6', '1', '1', '0', '1157', '6', '0', '1.20524', '0', '0'
'DL', '0.581329', '581', '3', '1', '6', '1', '1', '0', '1157', '6', '0', '0.924635', '0', '0'
'DL', '0.582329', '582', '3', '1', '6', '1', '1', '0', '1157', '6', '0', '0.545196', '0', '8.88178e-16'
'DL', '0.583329', '583', '3', '1', '6', '1', '1', '0', '1157', '6', '0', '0.0947563', '0', '1.58824e-05'
'DL', '0.584329', '584', '3', '1', '6', '1', '1', '0', '1157', '6', '0', '-0.382496', '0', '0.901003'
'DL', '0.585342', '585', '3', '1', '9', '1', '1', '0', '1099', '4', '0', '-0.824591', '0', '0'
'DL', '0.586342', '586', '3', '1', '9', '1', '1', '0', '1099', '4', '0', '-1.15909', '0', '0'
'DL', '0.587342', '587', '3', '1', '9', '1', '1', '0', '1099', '4', '0', '-1.32377', '0', '0'
'DL', '0.588342', '588', '3', '1', '9', '1', '1', '0', '1099', '4', '0', '-1.29378', '0', '0'
'DL', '0.589342', '589', '3', '1', '9', '1', '1', '0', '1099', '4', '0', '-1.09458', '0', '0'
'DL', '0.590342', '590', '3', '1', '9', '1', '1', '0', '1099', '4', '0', '-0.78822', '0', '0'
'DL', '0.591342', '591', '3', '1', '9', '1', '1', '0', '1099', '4', '0', '-0.445744', '0', '0'
'DL', '0.592329', '592', '3', '1', '6', '1', '1', '0', '1157', '6', '0', '-0.126366', '0', '6.0934e-07'
'DL', '0.593329', '593', '3', '1', '6', '1', '1', '0', '1157', '6', '0', '0.129982', '0', '1.40266e-08'
'DL', '0.594329', '594', '3', '1', '6', '1', '1', '0', '1157', '6', '0', '0.301774', '0', '1.20318e-08'
'DL', '0.595329', '595', '3', '1', '6', '1', '1', '0', '1157', '6', '0', '0.382854', '0', '0.000247653'
'DL', '0.596329', '596', '3', '1', '6', '1', '1', '0', '1157', '6', '0', '0.380267', '0', '0.0214991'
'DL', '0.597329', '597', '3', '1', '6', '1', '1', '0', '1157', '6', '0', '0.313515', '1', '0.0833285'
'DL', '0.598329', '598', '3', '1', '6', '1', '1', '0', '1157', '6', '0', '0.214451', '0', '0.0045365'
'DL', '0.599329', '599', '3', '1', '6', '1', '1', '0', '1157', '6', '0', '0.125842', '0', '1.21106e-05'
'DL', '0.600329', '600', '3', '1', '6', '1', '1', '0', '1157', '6', '0', '-7.69355', '1', '1'
'DL', '0.610692', '610', '6', '1', '21', '1', '1', '0', '1079', '0', '0', '-7.87621', '1', '1'
'DL', '0.620996', '620', '9', '1', '22', '1', '1', '0', '1131', '0', '0', '-7.7562', '1', '1'
'DL', '0.621096', '621', '0', '1', '22', '1', '1', '0', '1131', '0', '0', '-7.75727', '1', '1'
'DL', '0.621196', '621', '1', '1', '22', '1', '1', '0', '1131', '0', '0', '-7.75859', '1', '1'
'DL', '0.631496', '631', '4', '1', '22', '1', '1', '0', '1131', '0', '0', '-7.95088', '1', '1'
'DL', '0.631596', '631', '5', '1', '22', '1', '1', '0', '1131', '0', '0', '-7.94241', '1', '1'
'DL', '0.631696', '631', '6', '1', '22', '1', '1', '0', '1131', '0', '0', '-7.93378', '1', '1'
'DL', '0.641996', '641', '9', '1', '22', '1', '1', '0', '1131', '0', '0', '-7.69691', '1', '1'
'DL', '0.642096', '642', '0', '1', '22', '1', '1', '0', '1131', '0', '0', '-7.70256', '1', '1'
'DL', '0.642196', '642', '1', '1', '22', '1', '1', '0', '1131', '0', '0', '-7.70814', '1', '1'
'DL', '0.652496', '652', '4', '1', '22', '1', '1', '0', '1131', '0', '0', '-7.53415', '1', '0.99992'
'DL', '0.652596', '652', '5', '1', '22', '1', '1', '0', '1131', '0', '0', '-7.5341', '1', '0.99988'
'DL', '0.652696', '652', '6', '1', '22', '1', '1', '0', '1131', '0', '0', '-7.53432', '1', '0.999913'
'DL', '0.662996', '662', '9', '1', '22', '1', '1', '0', '1131', '0', '0', '-8.03921', '1', '1'
'DL', '0.663096', '663', '0', '1', '22', '1', '1', '0', '1131', '0', '0', '-8.03541', '1', '1'
'DL', '0.663196', '663', '1', '1', '22', '1', '1', '0', '1131', '0', '0', '-8.03135', '1', '1'
'DL', '0.673496', '673', '4', '1', '22', '1', '1', '0', '1131', '0', '0', '-7.82333', '1', '1'
'DL', '0.673596', '673', '5', '1', '22', '1', '1', '0', '1131', '0', '0', '-7.82872', '1', '1'
'DL', '0.673696', '673', '6', '1', '22', '1', '1', '0', '1131', '0', '0', '-7.83409', '1', '1'
'DL', '0.683996', '683', '9', '1', '22', '1', '1', '0', '1131', '0', '0', '-7.48306', '1', '0.999942'
'DL', '0.684096', '684', '0', '1', '22', '1', '1', '0', '1131', '0', '0', '-7.47814', '1', '0.999926'
'DL', '0.684196', '684', '1', '1', '22', '1', '1', '0', '1131', '0', '0', '-7.47345', '1', '0.999935'
'DL', '0.694496', '694', '4', '1', '22', '1', '1', '0', '1131', '0', '0', '-7.81436', '1', '1'
'DL', '0.694596', '694', '5', '1', '22', '1', '1', '0', '1131', '0', '0', '-7.81338', '1', '1'
'DL', '0.694696', '694', '6', '1', '22', '1', '1', '0', '1131', '0', '0', '-7.81215', '1', '1'
'DL', '0.704996', '704', '9', '1', '22', '1', '1', '0', '1131', '0', '0', '-0.541149', '0', '0'
'DL', '0.705096', '705', '0', '1', '22', '1', '1', '0', '1131', '0', '0', '-0.509339', '0', '0'
'DL', '0.705196', '705', '1', '1', '22', '1', '1', '0', '1131', '0', '0', '-0.478087', '0', '0'
'DL', '0.705296', '705', '2', '1', '22', '1', '1', '0', '4255', '6', '0', '-0.447394', '0', '5.5088e-06'
'DL', '0.705379', '705', '3', '1', '18', '1', '1', '0', '3481', '6', '0', '-0.417261', '0', '1.11094e-06'
'DL', '0.706329', '706', '3', '1', '6', '1', '1', '0', '1157', '6', '0', '-0.146952', '0', '1.73861e-13'
'DL', '0.707329', '707', '3', '1', '6', '1', '1', '0', '1157', '6', '0', '0.0664098', '0', '0'
'DL', '0.708329', '708', '3', '1', '6', '1', '1', '0', '1157', '6', '0', '0.222272', '0', '0'
'DL', '0.709329', '709', '3', '1', '6', '1', '1', '0', '1157', '6', '0', '0.3202', '0', '0'
'DL', '0.710329', '710', '3', '1', '6', '1', '1', '0', '1157', '6', '0', '0.359745', '0', '0'
'DL', '0.711329', '711', '3', '1', '6', '1', '1', '0', '1157', '6', '0', '0.340402', '0', '0'
'DL', '0.712329', '712', '3', '1', '6', '1', '1', '0', '1157', '6', '0', '0.2616', '0', '0'
'DL', '0.713329', '713', '3', '1', '6', '1', '1', '0', '1157', '6', '0', '0.122753', '0', '1.11022e-15'
'DL', '0.714329', '714', '3', '1', '6', '1', '1', '0', '1157', '6', '0', '-0.0766398', '0', '2.49321e-10'
'DL', '0.715329', '715', '3', '1', '6', '1', '1', '0', '1157', '6', '0', '-0.336824', '0', '1.59815e-05'
'DL', '0.716329', '716', '3', '1', '6', '1', '1', '0', '1157', '6', '0', '-0.657505', '0', '0.0416154'
'DL', '0.717329', '717', '3', '1', '6', '1', '1', '0', '1157', '6', '0', '-1.03741', '1', '0.910767'
'DL', '0.718342', '718', '3', '1', '9', '1', '1', '0', '1099', '4', '0', '-1.47358', '0', '0'
'DL', '0.719342', '719', '3', '1', '9', '1', '1', '0', '1099', '4', '0', '-1.96033', '0', '0'
'DL', '0.720342', '720', '3', '1', '9', '1', '1', '0', '1099', '4', '0', '-2.48768', '0', '1.31156e-08'
'DL', '0.721342', '721', '3', '1', '9', '1', '1', '0', '1099', '4', '0', '-3.03924', '0', '0.1015'
'DL', '0.722371', '722', '3', '1', '16', '1', '1', '0', '1131', '2', '0', '-3.58978', '0', '0'
'DL', '0.723371', '723', '3', '1', '16', '1', '1', '0', '1131', '2', '0', '-4.10338', '0', '0'
'DL', '0.724371', '724', '3', '1', '16', '1', '1', '0', '1131', '2', '0', '-4.53403', '0', '0'
'DL', '0.725371', '725', '3', '1', '16', '1', '1', '0', '1131', '2', '0', '-4.83179', '0', '0'
'DL', '0.726371', '726', '3', '1', '16', '1', '1', '0', '1131', '2', '0', '-4.95528', '0', '0'
'DL', '0.727371', '727', '3', '1', '16', '1', '1', '0', '1131', '2', '0', '-4.8864', '0', '0'
'DL', '0.728371', '728', '3', '1', '16', '1', '1', '0', '1131', '2', '0', '-4.63785', '0', '0'
'DL', '0.729371', '729', '3', '1', '16', '1', '1', '0', '1131', '2', '0', '-4.24743', '0', '0'
'DL', '0.730371', '730', '3', '1', '16', '1', '1', '0', '1131', '2', '0', '-3.76377', '0', '0'
'DL', '0.731371', '731', '3', '1', '16', '1', '1', '0', '1131', '2', '0', '-3.2331', '0', '0'
'DL', '0.732371', '732', '3', '1', '16', '1', '1', '0', '1131', '2', '0', '-2.69224', '0', '0'
'DL', '0.733342', '733', '3', '1', '9', '1', '1', '0', '1099', '4', '0', '-2.16735', '0', '3.00959e-11'
'DL', '0.734342', '734', '3', '1', '9', '1', '1', '0', '1099', '4', '0', '-1.67559', '0', '0'
'DL', '0.735342', '735', '3', '1', '9', '1', '1', '0', '1099', '4', '0', '-1.22762', '0', '0'
'DL', '0.736342', '736', '3', '1', '9', '1', '1', '0', '1099', '4', '0', '-0.829727', '0', '0'
'DL', '0.737342', '737', '3', '1', '9', '1', '1', '0', '1099', '4', '0', '-0.485485', '0', '0'
'DL', '0.738329', '738', '3', '1', '6', '1', '1', '0', '1157', '6', '0', '-0.196858', '0', '3.12358e-09'
'DL', '0.739329', '739', '3', '1', '6', '1', '1', '0', '1157', '6', '0', '0.0350791', '0', '4.44089e-16'
'DL', '0.740329', '740', '3', '1', '6', '1', '1', '0', '1157', '6', '0', '0.209692', '0', '0'
'DL', '0.741329', '741', '3', '1', '6', '1', '1', '0', '1157', '6', '0', '0.326519', '0', '0'
'DL', '0.742329', '742', '3', '1', '6', '1', '1', '0', '1157', '6', '0', '0.385117', '0', '0'
'DL', '0.743329', '743', '3', '1', '6', '1', '1', '0', '1157', '6', '0', '0.384996', '0', '0'
'DL', '0.744329', '744', '3', '1', '6', '1', '1', '0', '1157', '6', '0', '0.325597', '0', '0'
'DL', '0.745329', '745', '3', '1', '6', '1', '1', '0', '1157', '6', '0', '0.206332', '0', '0'
'DL', '0.746329', '746', '3', '1', '6', '1', '1', '0', '1157', '6', '0', '0.0266552', '0', '2.66454e-15'
'DL', '0.747329', '747', '3', '1', '6', '1', '1', '0', '1157', '6', '0', '-0.213786', '0', '2.69443e-08'
'DL', '0.748329', '748', '3', '1', '6', '1', '1', '0', '1157', '6', '0', '-0.51491', '0', '0.00483207'
'DL', '0.749329', '749', '3', '1', '6', '1', '1', '0', '1157', '6', '0', '-0.875821', '1', '0.815117'
'DL', '0.750342', '750', '3', '1', '9', '1', '1', '0', '1099', '4', '0', '-1.29421', '0', '0'
'DL', '0.751342', '751', '3', '1', '9', '1', '1', '0', '1099', '4', '0', '-1.76542', '0', '0'
'DL', '0.752342', '752', '3', '1', '9', '1', '1', '0', '1099', '4', '0', '-2.28109', '0', '3.75242e-09'
'DL', '0.753342', '753', '3', '1', '9', '1', '1', '0', '1099', '4', '0', '-2.82718', '0', '0.0233401'
'DL', '0.754342', '754', '3', '1', '9', '1', '1', '0', '1099', '4', '0', '-3.38162', '1', '0.984583'
'DL', '0.755371', '755', '3', '1', '16', '1', '1', '0', '1131', '2', '0', '-3.91207', '0', '0'
'DL', '0.756371', '756', '3', '1', '16', '1', '1', '0', '1131', '2', '0', '-4.37544', '0', '0'
'DL', '0.757371', '757', '3', '1', '16', '1', '1', '0', '1131', '2', '0', '-4.72193', '0', '0'
'DL', '0.758371', '758', '3', '1', '16', '1', '1', '0', '1131', '2', '0', '-4.90564', '0', '0'
'DL', '0.759371', '759', '3', '1', '16', '1', '1', '0', '1131', '2', '0', '-4.89952', '0', '0'
'DL', '0.760371', '760', '3', '1', '16', '1', '1', '0', '1131', '2', '0', '-4.70618', '0', '0'
'DL', '0.761371', '761', '3', '1', '16', '1', '1', '0', '1131', '2', '0', '-4.35663', '0', '0'
'DL', '0.762371', '762', '3', '1', '16', '1', '1', '0', '1131', '2', '0', '-3.89771', '0', '0'
'DL', '0.763371', '763', '3', '1', '16', '1', '1', '0', '1131', '2', '0', '-3.37755', '0', '0'
'DL', '0.764371', '764', '3', '1', '16', '1', '1', '0', '1131', '2', '0', '-2.83642', '0', '0'
'DL', '0.765342', '765', '3', '1', '9', '1', '1', '0', '1099', '4', '0', '-2.30384', '0', '4.20575e-12'
'DL', '0.766342', '766', '3', '1', '9', '1', '1', '0', '1099', '4', '0', '-1.79966', '0', '0'
'DL', '0.767342', '767', '3', '1', '9', '1', '1', '0', '1099', '4', '0', '-1.33636', '0', '0'
'DL', '0.768342', '768', '3', '1', '9', '1', '1', '0', '1099', '4', '0', '-0.921465', '0', '0'
'DL', '0.769342', '769', '3', '1', '9', '1', '1', '0', '1099', '4', '0', '-0.559275', '0', '0'
'DL', '0.770329', '770', '3', '1', '6', '1', '1', '0', '1157', '6', '0', '-0.252191', '0', '7.24573e-07'
'DL', '0.771329', '771', '3', '1', '6', '1', '1', '0', '1157', '6', '0', '-0.00151975', '0', '1.79501e-12'
'DL', '0.772329', '772', '3', '1', '6', '1', '1', '0', '1157', '6', '0', '0.191991', '0', '0'
'DL', '0.773329', '773', '3', '1', '6', '1', '1', '0', '1157', '6', '0', '0.327841', '0', '0'
'DL', '0.774329', '774', '3', '1', '6', '1', '1', '0', '1157', '6', '0', '0.405597', '0', '0'
'DL', '0.775329', '775', '3', '1', '6', '1', '1', '0', '1157', '6', '0', '0.424795', '0', '0'
'DL', '0.776329', '776', '3', '1', '6', '1', '1', '0', '1157', '6', '0', '0.384902', '0', '0'
'DL', '0.777329', '777', '3', '1', '6', '1', '1', '0', '1157', '6', '0', '0.28534', '0', '0'
'DL', '0.778329', '778', '3', '1', '6', '1', '1', '0', '1157', '6', '0', '0.125542', '0', '0'
'DL', '0.779329', '779', '3', '1', '6', '1', '1', '0', '1157', '6', '0', '-0.0949195', '0', '3.90799e-14'
'DL', '0.780329', '780', '3', '1', '6', '1', '1', '0', '1157', '6', '0', '-0.37614', '0', '3.13078e-07'
'DL', '0.781329', '781', '3', '1', '6', '1', '1', '0', '1157', '6', '0', '-0.717551', '0', '0.0305932'
'DL', '0.782329', '782', '3', '1', '6', '1', '1', '0', '1157', '6', '0', '-1.1174', '1', '0.986337'
'DL', '0.783342', '783', '3', '1', '9', '1', '1', '0', '1099', '4', '0', '-1.57195', '0', '0'
'DL', '0.784342', '784', '3', '1', '9', '1', '1', '0', '1099', '4', '0', '-2.07426', '0', '3.72591e-13'
'DL', '0.785342', '785', '3', '1', '9', '1', '1', '0', '1099', '4', '0', '-2.61243', '0', '0.00302874'
'DL', '0.786342', '786', '3', '1', '9', '1', '1', '0', '1099', '4', '0', '-3.16732', '1', '0.973741'
'DL', '0.787371', '787', '3', '1', '16', '1', '1', '0', '1131', '2', '0', '-3.71018', '0', '0'
'DL', '0.788371', '788', '3', '1', '16', '1', '1', '0', '1131', '2', '0', '-4.2013', '0', '0'
'DL', '0.789371', '789', '3', '1', '16', '1', '1', '0', '1131', '2', '0', '-4.59226', '0', '0'
'DL', '0.790371', '790', '3', '1', '16', '1', '1', '0', '1131', '2', '0', '-4.83429', '0', '0'
'DL', '0.791371', '791', '3', '1', '16', '1', '1', '0', '1131', '2', '0', '-4.89244', '0', '0'
'DL', '0.792371', '792', '3', '1', '16', '1', '1', '0', '1131', '2', '0', '-4.759', '0', '0'
'DL', '0.793371', '793', '3', '1', '16', '1', '1', '0', '1131', '2', '0', '-4.45653', '0', '0'
'DL', '0.794371', '794', '3', '1', '16', '1', '1', '0', '1131', '2', '0', '-4.02836', '0', '0'
'DL', '0.795371', '795', '3', '1', '16', '1', '1', '0', '1131', '2', '0', '-3.52357', '0', '0'
'DL', '0.796371', '796', '3', '1', '16', '1', '1', '0', '1131', '2', '0', '-2.98562', '0', '0'
'DL', '0.797371', '797', '3', '1', '16', '1', '1', '0', '1131', '2', '0', '-2.44761', '0', '0'
'DL', '0.798342', '798', '3', '1', '9', '1', '1', '0', '1099', '4', '0', '-1.93235', '0', '0'
'DL', '0.799342', '799', '3', '1', '9', '1', '1', '0', '1099', '4', '0', '-1.4545', '0', '0'
'DL', '0.800342', '800', '3', '1', '9', '1', '1', '0', '1099', '4', '0', '0.187876', '0', '0'
'DL', '0.801329', '801', '3', '1', '6', '1', '1', '0', '1157', '6', '0', '0.338877', '0', '0'
'DL', '0.802329', '802', '3', '1', '6', '1', '1', '0', '1157', '6', '0', '0.448982', '0', '0'
'DL', '0.803329', '803', '3', '1', '6', '1', '1', '0', '1157', '6', '0', '0.492418', '0', '0'
'DL', '0.804329', '804', '3', '1', '6', '1', '1', '0', '1157', '6', '0', '0.448736', '0', '0'
'DL', '0.805329', '805', '3', '1', '6', '1', '1', '0', '1157', '6', '0', '0.302844', '0', '0'
'DL', '0.806329', '806', '3', '1', '6', '1', '1', '0', '1157', '6', '0', '0.044944', '0', '0'
'DL', '0.807329', '807', '3', '1', '6', '1', '1', '0', '1157', '6', '0', '-0.328872', '0', '2.82319e-08'
'DL', '0.808329', '808', '3', '1', '6', '1', '1', '0', '1157', '6', '0', '-0.814665', '0', '0.135139'
'DL', '0.809342', '809', '3', '1', '9', '1', '1', '0', '1099', '4', '0', '-1.39643', '0', '0'
'DL', '0.810342', '810', '3', '1', '9', '1', '1', '0', '1099', '4', '0', '-2.03898', '0', '4.79616e-14'
'DL', '0.811342', '811', '3', '1', '9', '1', '1', '0', '1099', '4', '0', '-2.67928', '0', '0.0356935'
'DL', '0.812342', '812', '3', '1', '9', '1', '1', '0', '1099', '4', '0', '-3.22314', '1', '0.998785'
'DL', '0.813371', '813', '3', '1', '16', '1', '1', '0', '1131', '2', '0', '-3.56223', '0', '0'
'DL', '0.814371', '814', '3', '1', '16', '1', '1', '0', '1131', '2', '0', '-3.62023', '0', '0'
'DL', '0.815371', '815', '3', '1', '16', '1', '1', '0', '1131', '2', '0', '-3.40004', '0', '0'
'DL', '0.816371', '816', '3', '1', '16', '1', '1', '0', '1131', '2', '0', '-2.98199', '0', '0'
'DL', '0.817371', '817', '3', '1', '16', '1', '1', '0', '1131', '2', '0', '-2.47516', '0', '0'
'DL', '0.818342', '818', '3', '1', '9', '1', '1', '0', '1099', '4', '0', '-1.97247', '0', '2.66454e-15'
'DL', '0.819342', '819', '3', '1', '9', '1', '1', '0', '1099', '4', '0', '-1.53526', '0', '0'
'DL', '0.820342', '820', '3', '1', '9', '1', '1', '0', '1099', '4', '0', '-1.19682', '0', '0'
'DL', '0.821342', '821', '3', '1', '9', '1', '1', '0', '1099', '4', '0', '-0.970693', '0', '0'
'DL', '0.822342', '822', '3', '1', '9', '1', '1', '0', '1099', '4', '0', '-0.857058', '0', '0'
'DL', '0.823342', '823', '3', '1', '9', '1', '1', '0', '1099', '4', '0', '-0.846124', '0', '0'
'DL', '0.824342', '824', '3', '1', '9', '1', '1', '0', '1099', '4', '0', '-0.919205', '0', '0'
'DL', '0.825342', '825', '3', '1', '9', '1', '1', '0', '1099', '4', '0', '-1.04865', '0', '0'
'DL', '0.826342', '826', '3', '1', '9', '1', '1', '0', '1099', '4', '0', '-1.19826', '0', '0'
'DL', '0.827342', '827', '3', '1', '9', '1', '1', '0', '1099', '4', '0', '-1.32623', '0', '0'
'DL', '0.828342', '828', '3', '1', '9', '1', '1', '0', '1099', '4', '0', '-1.39219', '0', '0'
'DL', '0.829342', '829', '3', '1', '9', '1', '1', '0', '1099', '4', '0', '-1.36784', '0', '0'
'DL', '0.830342', '830', '3', '1', '9', '1', '1', '0', '1099', '4', '0', '-1.24655', '0', '0'
'DL', '0.831342', '831', '3', '1', '9', '1', '1', '0', '1099', '4', '0', '-1.04572', '0', '0'
'DL', '0.832342', '832', '3', '1', '9', '1', '1', '0', '1099', '4', '0', '-0.800183', '0', '0'
'DL', '0.833342', '833', '3', '1', '9', '1', '1', '0', '1099', '4', '0', '-0.551457', '0', '0'
'DL', '0.834342', '834', '3', '1', '9', '1', '1', '0', '1099', '4', '0', '-0.338768', '0', '0'
'DL', '0.835342', '835', '3', '1', '9', '1', '1', '0', '1099', '4', '0', '-0.194321', '0', '0'
'DL', '0.836342', '836', '3', '1', '9', '1', '1', '0', '1099', '4', '0', '-0.142159', '0', '0'
'DL', '0.837342', '837', '3', '1', '9', '1', '1', '0', '1099', '4', '0', '-0.198927', '0', '0'
'DL', '0.838342', '838', '3', '1', '9', '1', '1', '0', '1099', '4', '0', '-0.374918', '0', '0'
'DL', '0.839342', '839', '3', '1', '9', '1', '1', '0', '1099', '4', '0', '-0.674243', '0', '0'
'DL', '0.840342', '840', '3', '1', '9', '1', '1', '0', '1099', '4', '0', '-1.0934', '0', '0'
'DL', '0.841342', '841', '3', '1', '9', '1', '1', '0', '1099', '4', '0', '-1.61764', '0', '0'
'DL', '0.842342', '842', '3', '1', '9', '1', '1', '0', '1099', '4', '0', '-2.21439', '0', '9.55547e-12'
'DL', '0.843342', '843', '3', '1', '9', '1', '1', '0', '1099', '4', '0', '-2.82475', '0', '0.0215828'
'DL', '0.844342', '844', '3', '1', '9', '1', '1', '0', '1099', '4', '0', '-3.35867', '1', '0.998278'
'DL', '0.845371', '845', '3', '1', '16', '1', '1', '0', '1131', '2', '0', '-3.70797', '0', '0'
'DL', '0.846371', '846', '3', '1', '16', '1', '1', '0', '1131', '2', '0', '-3.78837', '0', '0'
'DL', '0.847371', '847', '3', '1', '16', '1', '1', '0', '1131', '2', '0', '-3.58922', '0', '0'
'DL', '0.848371', '848', '3', '1', '16', '1', '1', '0', '1131', '2', '0', '-3.18106', '0', '0'
'DL', '0.849371', '849', '3', '1', '16', '1', '1', '0', '1131', '2', '0', '-2.67176', '0', '0'
'DL', '0.850342', '850', '3', '1', '9', '1', '1', '0', '1099', '4', '0', '-2.15857', '0', '3.88578e-13'
'DL', '0.851342', '851', '3', '1', '9', '1', '1', '0', '1099', '4', '0', '-1.70822', '0', '0'
'DL', '0.852342', '852', '3', '1', '9', '1', '1', '0', '1099', '4', '0', '-1.35881', '0', '0'
'DL', '0.853342', '853', '3', '1', '9', '1', '1', '0', '1099', '4', '0', '-1.12817', '0', '0'
'DL', '0.854342', '854', '3', '1', '9', '1', '1', '0', '1099', '4', '0', '-1.02054', '0', '0'
'DL', '0.855342', '855', '3', '1', '9', '1', '1', '0', '1099', '4', '0', '-1.03027', '0', '0'
'DL', '0.856342', '856', '3', '1', '9', '1', '1', '0', '1099', '4', '0', '-1.143', '0', '0'
'DL', '0.857342', '857', '3', '1', '9', '1', '1', '0', '1099', '4', '0', '-1.33501', '0', '6.66134e-16'
'DL', '0.858342', '858', '3', '1', '9', '1', '1', '0', '1099', '4', '0', '-1.57185', '0', '7.39853e-13'
'DL', '0.859342', '859', '3', '1', '9', '1', '1', '0', '1099', '4', '0', '-1.80851', '0', '1.86851e-12'
'DL', '0.860342', '860', '3', '1', '9', '1', '1', '0', '1099', '4', '0', '-1.99416', '0', '1.76992e-12'
'DL', '0.861342', '861', '3', '1', '9', '1', '1', '0', '1099', '4', '0', '-2.08325', '0', '3.05533e-13'
'DL', '0.862342', '862', '3', '1', '9', '1', '1', '0', '1099', '4', '0', '-2.05045', '0', '3.55271e-15'
'DL', '0.863342', '863', '3', '1', '9', '1', '1', '0', '1099', '4', '0', '-1.9009', '0', '0'
'DL', '0.864342', '864', '3', '1', '9', '1', '1', '0', '1099', '4', '0', '-1.66813', '0', '0'
'DL', '0.865342', '865', '3', '1', '9', '1', '1', '0', '1099', '4', '0', '-1.40106', '0', '0'
'DL', '0.866342', '866', '3', '1', '9', '1', '1', '0', '1099', '4', '0', '-1.14957', '0', '0'
'DL', '0.867342', '867', '3', '1', '9', '1', '1', '0', '1099', '4', '0', '-0.955594', '0', '0'
'DL', '0.868342', '868', '3', '1', '9', '1', '1', '0', '1099', '4', '0', '-0.850422', '0', '0'
'DL', '0.869342', '869', '3', '1', '9', '1', '1', '0', '1099', '4', '0', '-0.855384', '0', '0'
'DL', '0.870342', '870', '3', '1', '9', '1', '1', '0', '1099', '4', '0', '-0.98336', '0', '0'
'DL', '0.871342', '871', '3', '1', '9', '1', '1', '0', '1099', '4', '0', '-1.23954', '0', '0'
'DL', '0.872342', '872', '3', '1', '9', '1', '1', '0', '1099', '4', '0', '-1.62022', '0', '0'
'DL', '0.873342', '873', '3', '1', '9', '1', '1', '0', '1099', '4', '0', '-2.10858', '0', '2.50229e-06'
'DL', '0.874342', '874', '3', '1', '9', '1', '1', '0', '1099', '4', '0', '-2.66715', '1', '0.777378'
'DL', '0.875371', '875', '3', '1', '16', '1', '1', '0', '1131', '2', '0', '-3.22819', '0', '0'
'DL', '0.876371', '876', '3', '1', '16', '1', '1', '0', '1131', '2', '0', '-3.68954', '0', '0'
'DL', '0.877371', '877', '3', '1', '16', '1', '1', '0', '1131', '2', '0', '-3.93301', '0', '0'
'DL', '0.878371', '878', '3', '1', '16', '1', '1', '0', '1131', '2', '0', '-3.87668', '0', '0'
'DL', '0.879371', '879', '3', '1', '16', '1', '1', '0', '1131', '2', '0', '-3.52761', '0', '0'
'DL', '0.880371', '880', '3', '1', '16', '1', '1', '0', '1131', '2', '0', '-2.97646', '0', '0'
'DL', '0.881371', '881', '3', '1', '16', '1', '1', '0', '1131', '2', '0', '-2.34059', '0', '0'
'DL', '0.882342', '882', '3', '1', '9', '1', '1', '0', '1099', '4', '0', '-1.7162', '0', '0'
'DL', '0.883342', '883', '3', '1', '9', '1', '1', '0', '1099', '4', '0', '-1.16457', '0', '0'
'DL', '0.884342', '884', '3', '1', '9', '1', '1', '0', '1099', '4', '0', '-0.718021', '0', '0'
'DL', '0.885329', '885', '3', '1', '6', '1', '1', '0', '1157', '6', '0', '-0.389638', '0', '2.38265e-05'
'DL', '0.886329', '886', '3', '1', '6', '1', '1', '0', '1157', '6', '0', '-0.180538', '0', '6.38299e-09'
'DL', '0.887329', '887', '3', '1', '6', '1', '1', '0', '1157', '6', '0', '-0.0838015', '0', '8.05005e-11'
'DL', '0.888329', '888', '3', '1', '6', '1', '1', '0', '1157', '6', '0', '-0.0859379', '0', '3.64588e-09'
'DL', '0.889329', '889', '3', '1', '6', '1', '1', '0', '1157', '6', '0', '-0.167018', '0', '1.93134e-05'
'DL', '0.890329', '890', '3', '1', '6', '1', '1', '0', '1157', '6', '0', '-0.300495', '0', '0.0158033'
'DL', '0.891329', '891', '3', '1', '6', '1', '1', '0', '1157', '6', '0', '-0.453773', '0', '0.267147'
'DL', '0.892342', '892', '3', '1', '9', '1', '1', '0', '1099', '4', '0', '-0.590941', '0', '0'
'DL', '0.893342', '893', '3', '1', '9', '1', '1', '0', '1099', '4', '0', '-0.678706', '0', '0'
'DL', '0.894342', '894', '3', '1', '9', '1', '1', '0', '1099', '4', '0', '-0.694621', '0', '0'
'DL', '0.895342', '895', '3', '1', '9', '1', '1', '0', '1099', '4', '0', '-0.633954', '0', '0'
'DL', '0.896342', '896', '3', '1', '9', '1', '1', '0', '1099', '4', '0', '-0.51124', '0', '0'
'DL', '0.897329', '897', '3', '1', '6', '1', '1', '0', '1157', '6', '0', '-0.355569', '0', '7.21013e-05'
'DL', '0.898329', '898', '3', '1', '6', '1', '1', '0', '1157', '6', '0', '-0.202508', '0', '3.57241e-07'
'DL', '0.899329', '899', '3', '1', '6', '1', '1', '0', '1157', '6', '0', '-0.0867498', '0', '8.95531e-08'
'DL', '0.900329', '900', '3', '1', '6', '1', '1', '0', '1157', '6', '0', '-0.965986', '1', '0.999979'
'DL', '0.901342', '901', '3', '1', '9', '1', '1', '0', '1099', '4', '0', '-0.750951', '0', '0'
'DL', '0.902342', '902', '3', '1', '9', '1', '1', '0', '1099', '4', '0', '-0.529304', '0', '0'
'DL', '0.903342', '903', '3', '1', '9', '1', '1', '0', '1099', '4', '0', '-0.331075', '0', '0'
'DL', '0.904329', '904', '3', '1', '6', '1', '1', '0', '1157', '6', '0', '-0.179481', '0', '5.72309e-05'
'DL', '0.905329', '905', '3', '1', '6', '1', '1', '0', '1157', '6', '0', '-0.0898691', '0', '2.36796e-05'
'DL', '0.906329', '906', '3', '1', '6', '1', '1', '0', '1157', '6', '0', '-0.0699261', '0', '0.00013166'
'DL', '0.907329', '907', '3', '1', '6', '1', '1', '0', '1157', '6', '0', '-0.120144', '0', '0.0779618'
'DL', '0.908329', '908', '3', '1', '6', '1', '1', '0', '1157', '6', '0', '-0.233876', '0', '0.0711542'
'DL', '0.909329', '909', '3', '1', '6', '1', '1', '0', '1157', '6', '0', '-0.397097', '0', '0.046005'
'DL', '0.910329', '910', '3', '1', '6', '1', '1', '0', '1157', '6', '0', '-0.588469', '1', '0.63271'
'DL', '0.911342', '911', '3', '1', '9', '1', '1', '0', '1099', '4', '0', '-0.780339', '0', '0'
'DL', '0.912342', '912', '3', '1', '9', '1', '1', '0', '1099', '4', '0', '-0.941536', '0', '0'
'DL', '0.913342', '913', '3', '1', '9', '1', '1', '0', '1099', '4', '0', '-1.04294', '0', '0'
'DL', '0.914342', '914', '3', '1', '9', '1', '1', '0', '1099', '4', '0', '-1.06509', '0', '0'
'DL', '0.915342', '915', '3', '1', '9', '1', '1', '0', '1099', '4', '0', '-1.00432', '0', '0'
'DL', '0.916342', '916', '3', '1', '9', '1', '1', '0', '1099', '4', '0', '-0.873861', '0', '0'
'DL', '0.917342', '917', '3', '1', '9', '1', '1', '0', '1099', '4', '0', '-0.699458', '0', '0'
'DL', '0.918342', '918', '3', '1', '9', '1', '1', '0', '1099', '4', '0', '-0.512253', '0', '0'
'DL', '0.919342', '919', '3', '1', '9', '1', '1', '0', '1099', '4', '0', '-0.342089', '0', '0'
'DL', '0.920329', '920', '3', '1', '6', '1', '1', '0', '1157', '6', '0', '-0.213308', '0', '0.000118972'
'DL', '0.921329', '921', '3', '1', '6', '1', '1', '0', '1157', '6', '0', '-0.143111', '0', '0.0128326'
'DL', '0.922329', '922', '3', '1', '6', '1', '1', '0', '1157', '6', '0', '-0.141287', '0', '0.000875849'
'DL', '0.923329', '923', '3', '1', '6', '1', '1', '0', '1157', '6', '0', '-0.210252', '0', '0.00156308'
'DL', '0.924329', '924', '3', '1', '6', '1', '1', '0', '1157', '6', '0', '-0.345023', '0', '0.275487'
'DL', '0.925342', '925', '3', '1', '9', '1', '1', '0', '1099', '4', '0', '-0.532984', '0', '0'
'DL', '0.926342', '926', '3', '1', '9', '1', '1', '0', '1099', '4', '0', '-0.753508', '0', '0'
'DL', '0.927342', '927', '3', '1', '9', '1', '1', '0', '1099', '4', '0', '-0.978203', '0', '0'
'DL', '0.928342', '928', '3', '1', '9', '1', '1', '0', '1099', '4', '0', '-1.17335', '0', '0'
'DL', '0.929342', '929', '3', '1', '9', '1', '1', '0', '1099', '4', '0', '-1.3057', '0', '0'
'DL', '0.930342', '930', '3', '1', '9', '1', '1', '0', '1099', '4', '0', '-1.35089', '0', '0'
'DL', '0.931342', '931', '3', '1', '9', '1', '1', '0', '1099', '4', '0', '-1.3013', '0', '0'
'DL', '0.932342', '932', '3', '1', '9', '1', '1', '0', '1099', '4', '0', '-1.16873', '0', '0'
'DL', '0.933342', '933', '3', '1', '9', '1', '1', '0', '1099', '4', '0', '-0.980283', '0', '0'
'DL', '0.934342', '934', '3', '1', '9', '1', '1', '0', '1099', '4', '0', '-0.770108', '0', '0'
'DL', '0.935342', '935', '3', '1', '9', '1', '1', '0', '1099', '4', '0', '-0.571413', '0', '0'
'DL', '0.936342', '936', '3', '1', '9', '1', '1', '0', '1099', '4', '0', '-0.41147', '0', '0'
'DL', '0.937342', '937', '3', '1', '9', '1', '1', '0', '1099', '4', '0', '-0.309548', '0', '0'
'DL', '0.938342', '938', '3', '1', '9', '1', '1', '0', '1099', '4', '0', '-0.276753', '0', '0'
'DL', '0.939329', '939', '3', '1', '6', '1', '1', '0', '1157', '6', '0', '-0.316501', '0', '0.0331645'
'DL', '0.940329', '940', '3', '1', '6', '1', '1', '0', '1157', '6', '0', '-0.424735', '0', '0.0028349'
'DL', '0.941329', '941', '3', '1', '6', '1', '1', '0', '1157', '6', '0', '-0.589664', '0', '0.168443'
'DL', '0.942342', '942', '3', '1', '9', '1', '1', '0', '1099', '4', '0', '-0.791431', '0', '0'
'DL', '0.943342', '943', '3', '1', '9', '1', '1', '0', '1099', '4', '0', '-1.00248', '0', '0'
'DL', '0.944342', '944', '3', '1', '9', '1', '1', '0', '1099', '4', '0', '-1.18978', '0', '0'
'DL', '0.945342', '945', '3', '1', '9', '1', '1', '0', '1099', '4', '0', '-1.32004', '0', '0'
'DL', '0.946342', '946', '3', '1', '9', '1', '1', '0', '1099', '4', '0', '-1.36776', '0', '0'
'DL', '0.947342', '947', '3', '1', '9', '1', '1', '0', '1099', '4', '0', '-1.32322', '0', '0'
'DL', '0.948342', '948', '3', '1', '9', '1', '1', '0', '1099', '4', '0', '-1.19584', '0', '0'
'DL', '0.949342', '949', '3', '1', '9', '1', '1', '0', '1099', '4', '0', '-1.0109', '0', '0'
'DL', '0.950342', '950', '3', '1', '9', '1', '1', '0', '1099', '4', '0', '-0.801683', '0', '0'
'DL', '0.951342', '951', '3', '1', '9', '1', '1', '0', '1099', '4', '0', '-0.601492', '0', '0'
'DL', '0.952342', '952', '3', '1', '9', '1', '1', '0', '1099', '4', '0', '-0.438279', '0', '0'
'DL', '0.953342', '953', '3', '1', '9', '1', '1', '0', '1099', '4', '0', '-0.332375', '0', '0'
'DL', '0.954329', '954', '3', '1', '6', '1', '1', '0', '1157', '6', '0', '-0.296129', '0', '0.01505'
'DL', '0.955329', '955', '3', '1', '6', '1', '1', '0', '1157', '6', '0', '-0.334257', '0', '0.0173965'
'DL', '0.956329', '956', '3', '1', '6', '1', '1', '0', '1157', '6', '0', '-0.444051', '0', '0.00854311'
'DL', '0.957329', '957', '3', '1', '6', '1', '1', '0', '1157', '6', '0', '-0.615114', '0', '0.0237096'
'DL', '0.958329', '958', '3', '1', '6', '1', '1', '0', '1157', '6', '0', '-0.828808', '0', '0.318272'
'DL', '0.959342', '959', '3', '1', '9', '1', '1', '0', '1099', '4', '0', '-1.0582', '0', '0'
'DL', '0.960342', '960', '3', '1', '9', '1', '1', '0', '1099', '4', '0', '-1.26977', '0', '0'
'DL', '0.961342', '961', '3', '1', '9', '1', '1', '0', '1099', '4', '0', '-1.42809', '0', '0'
'DL', '0.962342', '962', '3', '1', '9', '1', '1', '0', '1099', '4', '0', '-1.50389', '0', '0'
'DL', '0.963342', '963', '3', '1', '9', '1', '1', '0', '1099', '4', '0', '-1.48289', '0', '0'
'DL', '0.964342', '964', '3', '1', '9', '1', '1', '0', '1099', '4', '0', '-1.37087', '0', '0'
'DL', '0.965342', '965', '3', '1', '9', '1', '1', '0', '1099', '4', '0', '-1.19164', '0', '0'
'DL', '0.966342', '966', '3', '1', '9', '1', '1', '0', '1099', '4', '0', '-0.979257', '0', '0'
'DL', '0.967342', '967', '3', '1', '9', '1', '1', '0', '1099', '4', '0', '-0.76913', '0', '0'
'DL', '0.968342', '968', '3', '1', '9', '1', '1', '0', '1099', '4', '0', '-0.591605', '0', '0'
'DL', '0.969342', '969', '3', '1', '9', '1', '1', '0', '1099', '4', '0', '-0.46913', '0', '0'
'DL', '0.970329', '970', '3', '1', '6', '1', '1', '0', '1157', '6', '0', '-0.415759', '0', '0.152888'
'DL', '0.971342', '971', '3', '1', '9', '1', '1', '0', '1099', '4', '0', '-0.437526', '0', '0'
'DL', '0.972342', '972', '3', '1', '9', '1', '1', '0', '1099', '4', '0', '-0.532744', '0', '0'
'DL', '0.973342', '973', '3', '1', '9', '1', '1', '0', '1099', '4', '0', '-0.691901', '0', '0'
'DL', '0.974342', '974', '3', '1', '9', '1', '1', '0', '1099', '4', '0', '-0.897156', '0', '0'
'DL', '0.975342', '975', '3', '1', '9', '1', '1', '0', '1099', '4', '0', '-1.12209', '0', '0'
'DL', '0.976342', '976', '3', '1', '9', '1', '1', '0', '1099', '4', '0', '-1.33304', '0', '0'
'DL', '0.977342', '977', '3', '1', '9', '1', '1', '0', '1099', '4', '0', '-1.49357', '0', '0'
'DL', '0.978342', '978', '3', '1', '9', '1', '1', '0', '1099', '4', '0', '-1.57235', '0', '0'
'DL', '0.979342', '979', '3', '1', '9', '1', '1', '0', '1099', '4', '0', '-1.55243', '0', '0'
'DL', '0.980342', '980', '3', '1', '9', '1', '1', '0', '1099', '4', '0', '-1.4373', '0', '0'
'DL', '0.981342', '981', '3', '1', '9', '1', '1', '0', '1099', '4', '0', '-1.24969', '0', '0'
'DL', '0.982342', '982', '3', '1', '9', '1', '1', '0', '1099', '4', '0', '-1.0237', '0', '0'
'DL', '0.983342', '983', '3', '1', '9', '1', '1', '0', '1099', '4', '0', '-0.795433', '0', '0'
'DL', '0.984342', '984', '3', '1', '9', '1', '1', '0', '1099', '4', '0', '-0.596246', '0', '0'
'DL', '0.985342', '985', '3', '1', '9', '1', '1', '0', '1099', '4', '0', '-0.44959', '0', '0'
'DL', '0.986329', '986', '3', '1', '6', '1', '1', '0', '1157', '6', '0', '-0.370262', '0', '0.0956076'
'DL', '0.987329', '987', '3', '1', '6', '1', '1', '0', '1157', '6', '0', '-0.364849', '0', '0.0778079'
'DL', '0.988329', '988', '3', '1', '6', '1', '1', '0', '1157', '6', '0', '-0.432269', '0', '0.0001092'
'DL', '0.989329', '989', '3', '1', '6', '1', '1', '0', '1157', '6', '0', '-0.563748', '0', '0.0727709'
'DL', '0.990329', '990', '3', '1', '6', '1', '1', '0', '1157', '6', '0', '-0.74241', '1', '0.995408'
'DL', '0.991342', '991', '3', '1', '9', '1', '1', '0', '1099', '4', '0', '-0.943229', '0', '0'
'DL', '0.992342', '992', '3', '1', '9', '1', '1', '0', '1099', '4', '0', '-1.13439', '0', '0'
'DL', '0.993342', '993', '3', '1', '9', '1', '1', '0', '1099', '4', '0', '-1.28119', '0', '0'
'DL', '0.994342', '994', '3', '1', '9', '1', '1', '0', '1099', '4', '0', '-1.35321', '0', '0'
'DL', '0.995342', '995', '3', '1', '9', '1', '1', '0', '1099', '4', '0', '-1.33304', '0', '0'
'DL', '0.996342', '996', '3', '1', '9', '1', '1', '0', '1099', '4', '0', '-1.22213', '0', '0'
'DL', '0.997342', '997', '3', '1', '9', '1', '1', '0', '1099', '4', '0', '-1.04025', '0', '0'
'DL', '0.998342', '998', '3', '1', '9', '1', '1', '0', '1099', '4', '0', '-0.818811', '0', '0'
'DL', '0.999342', '999', '3', '1', '9', '1', '1', '0', '1099', '4', '0', '-0.59229', '0', '0'